name,subtypes,phone,website,address,street,city,county,state,postal_code,latitude,longitude,rating,reviews,reviews_link,reviews_per_score,reviews_per_score_1,reviews_per_score_2,reviews_per_score_3,reviews_per_score_4,reviews_per_score_5,photo,street_view,logo,business_status,working_hours,range,prices,booking_appointment_link,menu_link,about,description,verified,location_link,location_reviews_link,place_id,cid,reviews_id,slug,comunidad_autonoma,email,destacado,activo,prestaciones,descripcion,servicios,facilidades,accesibilidad
Arco Iris Pets Madrid - Cremación de mascotas,,+34 919 93 36 46,https://arcoirispets.com/cremacion-mascotas-madrid,"C. de los Madrazo, 12, Centro, 28014 Madrid","C. de los Madrazo, 12",Madrid,Centro,Madrid,28014,40.4174732,-3.6976396,5,1,https://search.google.com/local/reviews?placeid=ChIJJxepiBcpQg0REHUOdEE3xVo&q=*&authuser=0&hl=es&gl=ES,"{""1"": 0, ""2"": 0, ""3"": 0, ""4"": 0, ""5"": 1}",0,0,0,0,1,https://lh3.googleusercontent.com/p/AF1QipMgVaucdE9TkmisigWUp1ddau6tAPjvbYZsJxX-=w800-h500-k-no,https://lh3.googleusercontent.com/p/AF1QipMgVaucdE9TkmisigWUp1ddau6tAPjvbYZsJxX-=w1600-h1000-k-no,https://lh5.googleusercontent.com/-FDVnZiejaGs/AAAAAAAAAAI/AAAAAAAAAAA/r7oBy3Um3VA/s44-p-k-no-ns-nd/photo.jpg,OPERATIONAL,"{""lunes"": ""Abierto 24 horas"", ""martes"": ""Abierto 24 horas"", ""miércoles"": ""Abierto 24 horas"", ""jueves"": ""Abierto 24 horas"", ""viernes"": ""Abierto 24 horas"", ""sábado"": ""Abierto 24 horas"", ""domingo"": ""Abierto 24 horas""}",,,,,"{""Opciones de servicio"": {""Ofrece asistencia en otros idiomas"": true}, ""Clientela"": {""Amigable con la comunidad LGTBI+"": true, ""Espacio seguro para personas transgénero"": true}, ""Other"": {""Amigable con la comunidad LGTBI+"": true}}",,1,"https://www.google.com/maps/place/Arco+Iris+Pets+Madrid+-+Cremaci%C3%B3n+de+mascotas/@40.417473199999996,-3.6976396,14z/data=!4m8!1m2!2m1!1sArco+Iris+Pets+Madrid+-+Cremaci%C3%B3n+de+mascotas!3m4!1s0xd42291788a91727:0x5ac53741740e7510!8m2!3d40.417473199999996!4d-3.6976396","https://www.google.com/maps/place/Arco+Iris+Pets+Madrid+-+Cremaci%C3%B3n+de+mascotas/@40.417473199999996,-3.6976396,13.99z/data=!4m16!1m7!3m6!1s0xd42291788a91727:0x5ac53741740e7510!2sArco+Iris+Pets+Madrid+-+Cremaci%C3%B3n+de+mascotas!8m2!3d40.417473199999996!4d-3.6976396!16s%2Fg%2F11ckvg1dmb!3m7!1s0xd42291788a91727:0x5ac53741740e7510!8m2!3d40.417473199999996!4d-3.6976396!9m1!1b1!16s%2Fg%2F11ckvg1dmb?entry=ttu",ChIJJxepiBcpQg0REHUOdEE3xVo,"6,54E+18","6,54E+18",arco-iris-pets-madrid--cremacion-de-mascotas,Comunidad de Madrid,,0,1,"Opciones de servicio: Ofrece asistencia en otros idiomas: Sí, Clientela: Amigable con la comunidad LGTBI+: Sí, Espacio seguro para personas transgénero: Sí, Other: Amigable con la comunidad LGTBI+: Sí",,,,
Crematorio Sur (SFM),Servicio de cremación,+34 915 10 83 05,https://sfmadrid.es/crematorio/crematorio-sur,"C. Ildefonso González Valencia, 3, Carabanchel, 28054 Madrid","C. Ildefonso González Valencia, 3",Madrid,Carabanchel,Madrid,28054,40.3672525,-3.7312424,3,29,https://search.google.com/local/reviews?placeid=ChIJF2FwJHcnQg0RSUaKpIPjiGQ&q=*&authuser=0&hl=es&gl=ES,"{""1"": 10, ""2"": 5, ""3"": 0, ""4"": 4, ""5"": 10}",10,5,0,4,10,https://lh3.googleusercontent.com/p/AF1QipM7CZ0K2iRFRGn3Tnj8Trf2T8k1wEW7qnyE_j1w=w800-h500-k-no,https://lh3.googleusercontent.com/p/AF1QipM7CZ0K2iRFRGn3Tnj8Trf2T8k1wEW7qnyE_j1w=w1600-h1000-k-no,https://lh3.googleusercontent.com/-lnu2eIwCzlA/AAAAAAAAAAI/AAAAAAAAAAA/tKycqD1yp9k/s44-p-k-no-ns-nd/photo.jpg,OPERATIONAL,"{""lunes"": ""9:00-18:00"", ""martes"": ""9:00-18:00"", ""miércoles"": ""9:00-18:00"", ""jueves"": ""9:00-18:00"", ""viernes"": ""9:00-18:00"", ""sábado"": ""9:00-18:00"", ""domingo"": ""9:00-18:00""}",,,https://sfmadrid.es/crematorio/crematorio-sur,,"{""Accesibilidad"": {""Acceso para sillas de ruedas"": true, ""Aparcamiento adaptado para sillas de ruedas"": true, ""Aseo adaptado para sillas de ruedas"": true}}",,1,"https://www.google.com/maps/place/Crematorio+Sur+%28SFM%29/@40.3672525,-3.7312423999999997,14z/data=!4m8!1m2!2m1!1sCrematorio+Sur+%28SFM%29!3m4!1s0xd42277724706117:0x6488e383a48a4649!8m2!3d40.3672525!4d-3.7312423999999997","https://www.google.com/maps/place/Crematorio+Sur+%28SFM%29/@40.3672525,-3.7312423999999997,13.99z/data=!4m16!1m7!3m6!1s0xd42277724706117:0x6488e383a48a4649!2sCrematorio+Sur+%28SFM%29!8m2!3d40.3672525!4d-3.7312423999999997!16s%2Fg%2F11ckvg1dmb!3m7!1s0xd42277724706117:0x6488e383a48a4649!8m2!3d40.3672525!4d-3.7312423999999997!9m1!1b1!16s%2Fg%2F11ckvg1dmb?entry=ttu",ChIJF2FwJHcnQg0RSUaKpIPjiGQ,"7,24E+18","7,24E+18",crematorio-sur-sfm,Comunidad de Madrid,,0,1,"Accesibilidad: Acceso para sillas de ruedas: Sí, Aparcamiento adaptado para sillas de ruedas: Sí, Aseo adaptado para sillas de ruedas: Sí",,,,
Fune Mascotas Madrid Centro - Incinerar mascotas,,+34 919 93 12 27,https://funemascotas.com/madrid/incineracion-mascotas-madrid-centro/,"C. de Esparteros, 5, Centro, 28012 Madrid","C. de Esparteros, 5",Madrid,Centro,Madrid,28012,40.4160168,-3.705059,4.9,30,https://search.google.com/local/reviews?placeid=ChIJtXQm8dwpQg0RXs3I2x7XEMk&q=*&authuser=0&hl=es&gl=ES,"{""1"": 0, ""2"": 0, ""3"": 0, ""4"": 2, ""5"": 28}",0,0,0,2,28,https://lh3.googleusercontent.com/p/AF1QipNDxFfyr4K1AXnz8l4DaCfdVBVPCLcH3aO_7t4P=w800-h500-k-no,https://lh3.googleusercontent.com/p/AF1QipNDxFfyr4K1AXnz8l4DaCfdVBVPCLcH3aO_7t4P=w1600-h1000-k-no,https://lh5.googleusercontent.com/-59z6wtprC-I/AAAAAAAAAAI/AAAAAAAAAAA/Jc04ScEjYXs/s44-p-k-no-ns-nd/photo.jpg,OPERATIONAL,"{""lunes"": ""Abierto 24 horas"", ""martes"": ""Abierto 24 horas"", ""miércoles"": ""Abierto 24 horas"", ""jueves"": ""Abierto 24 horas"", ""viernes"": ""Abierto 24 horas"", ""sábado"": ""Abierto 24 horas"", ""domingo"": ""Abierto 24 horas""}",,,,,,,1,"https://www.google.com/maps/place/Fune+Mascotas+Madrid+Centro+-+Incinerar+mascotas/@40.4160168,-3.705059,14z/data=!4m8!1m2!2m1!1sFune+Mascotas+Madrid+Centro+-+Incinerar+mascotas!3m4!1s0xd4229dcf12674b5:0xc910d71edbc8cd5e!8m2!3d40.4160168!4d-3.705059","https://www.google.com/maps/place/Fune+Mascotas+Madrid+Centro+-+Incinerar+mascotas/@40.4160168,-3.705059,13.99z/data=!4m16!1m7!3m6!1s0xd4229dcf12674b5:0xc910d71edbc8cd5e!2sFune+Mascotas+Madrid+Centro+-+Incinerar+mascotas!8m2!3d40.4160168!4d-3.705059!16s%2Fg%2F11ckvg1dmb!3m7!1s0xd4229dcf12674b5:0xc910d71edbc8cd5e!8m2!3d40.4160168!4d-3.705059!9m1!1b1!16s%2Fg%2F11ckvg1dmb?entry=ttu",ChIJtXQm8dwpQg0RXs3I2x7XEMk,"1,45E+19","-3,96E+18",fune-mascotas-madrid-centro--incinerar-mascotas,Comunidad de Madrid,,0,1,,,,,
Interfunerarias Servicio de Cremación Madrid,Servicio de cremación,+34 919 49 44 06,https://interfunerarias.es/madrid/cremacion-en-madrid/%3Futm_source%3Dlocal%26utm_medium%3Dorganic%26utm_content%3Dgmb%26utm_campaign%3Dcremacion_madrid%26dlg%3Dcaog4W,"C. de los Comuneros de Castilla, 15, Planta Baja, Carabanchel, 28019 Madrid","C. de los Comuneros de Castilla, 15, Planta Baja",Madrid,Carabanchel,Madrid,28019,40.3973563,-3.7225363,4.9,391,https://search.google.com/local/reviews?placeid=ChIJrzdluGAnQg0RjpJUN2RaRCg&q=*&authuser=0&hl=es&gl=ES,"{""1"": 4, ""2"": 1, ""3"": 2, ""4"": 32, ""5"": 352}",4,1,2,32,352,https://lh3.googleusercontent.com/p/AF1QipPw1BrfSUVYrnZPAE-M1TEbWXfdX7XsgcSHLcAJ=w800-h500-k-no,https://lh3.googleusercontent.com/p/AF1QipPw1BrfSUVYrnZPAE-M1TEbWXfdX7XsgcSHLcAJ=w1600-h1000-k-no,https://lh3.googleusercontent.com/-ofzVWoYCJJ0/AAAAAAAAAAI/AAAAAAAAAAA/y_dV1LGBlNQ/s44-p-k-no-ns-nd/photo.jpg,OPERATIONAL,"{""lunes"": ""Abierto 24 horas"", ""martes"": ""Abierto 24 horas"", ""miércoles"": ""Abierto 24 horas"", ""jueves"": ""Abierto 24 horas"", ""viernes"": ""Abierto 24 horas"", ""sábado"": ""Abierto 24 horas"", ""domingo"": ""Abierto 24 horas""}",,,,,"{""Opciones de servicio"": {""Ofrece asistencia en otros idiomas"": true}, ""Accesibilidad"": {""Acceso para sillas de ruedas"": true}, ""Aparcamiento"": {""Aparcamiento de pago"": true, ""Parking de pago"": true}}",,1,"https://www.google.com/maps/place/Interfunerarias+Servicio+de+Cremaci%C3%B3n+Madrid/@40.3973563,-3.7225363,14z/data=!4m8!1m2!2m1!1sInterfunerarias+Servicio+de+Cremaci%C3%B3n+Madrid!3m4!1s0xd422760b86537af:0x28445a643754928e!8m2!3d40.3973563!4d-3.7225363","https://www.google.com/maps/place/Interfunerarias+Servicio+de+Cremaci%C3%B3n+Madrid/@40.3973563,-3.7225363,13.99z/data=!4m16!1m7!3m6!1s0xd422760b86537af:0x28445a643754928e!2sInterfunerarias+Servicio+de+Cremaci%C3%B3n+Madrid!8m2!3d40.3973563!4d-3.7225363!16s%2Fg%2F11ckvg1dmb!3m7!1s0xd422760b86537af:0x28445a643754928e!8m2!3d40.3973563!4d-3.7225363!9m1!1b1!16s%2Fg%2F11ckvg1dmb?entry=ttu",ChIJrzdluGAnQg0RjpJUN2RaRCg,"2,90E+18","2,90E+18",interfunerarias-servicio-de-cremacion-madrid,Comunidad de Madrid,,0,1,"Opciones de servicio: Ofrece asistencia en otros idiomas: Sí, Accesibilidad: Acceso para sillas de ruedas: Sí, Aparcamiento: Aparcamiento de pago: Sí, Parking de pago: Sí",,,,
Fune Mascotas Moncloa-Aravaca,,+34 919 93 12 27,https://funemascotas.com/madrid/incineracion-mascotas-moncloaravaca/,"C. de Aniceto Marinas, 108, Moncloa - Aravaca, 28008 Madrid","C. de Aniceto Marinas, 108",Madrid,Moncloa - Aravaca,Madrid,28008,40.4314152,-3.7337901,,,,,,,,,,https://streetviewpixels-pa.googleapis.com/v1/thumbnail?panoid=coGH3ryQBqlZwADVLMHTZw&cb_client=search.gws-prod.gps&w=800&h=500&yaw=70.603714&pitch=0&thumbfov=100,https://lh3.googleusercontent.com/p/AF1QipPCff0cN68F4tuNNWCC3P6_szbsU3ux8XVud-DP=w1600-h1000-k-no,https://lh3.googleusercontent.com/-634DSKmWgo0/AAAAAAAAAAI/AAAAAAAAAAA/Odtft7hPFQQ/s44-p-k-no-ns-nd/photo.jpg,OPERATIONAL,"{""lunes"": ""Abierto 24 horas"", ""martes"": ""Abierto 24 horas"", ""miércoles"": ""Abierto 24 horas"", ""jueves"": ""Abierto 24 horas"", ""viernes"": ""Abierto 24 horas"", ""sábado"": ""Abierto 24 horas"", ""domingo"": ""Abierto 24 horas""}",,,,,,,1,"https://www.google.com/maps/place/Fune+Mascotas+Moncloa-Aravaca/@40.431415199999996,-3.7337901,14z/data=!4m8!1m2!2m1!1sFune+Mascotas+Moncloa-Aravaca!3m4!1s0xd42291d4f480cc5:0xb2825ded9f8cfd22!8m2!3d40.431415199999996!4d-3.7337901","https://www.google.com/maps/place/Fune+Mascotas+Moncloa-Aravaca/@40.431415199999996,-3.7337901,13.99z/data=!4m16!1m7!3m6!1s0xd42291d4f480cc5:0xb2825ded9f8cfd22!2sFune+Mascotas+Moncloa-Aravaca!8m2!3d40.431415199999996!4d-3.7337901!16s%2Fg%2F11ckvg1dmb!3m7!1s0xd42291d4f480cc5:0xb2825ded9f8cfd22!8m2!3d40.431415199999996!4d-3.7337901!9m1!1b1!16s%2Fg%2F11ckvg1dmb?entry=ttu",ChIJxQxITx0pQg0RIv2Mn-1dgrI,"1,29E+19",,fune-mascotas-moncloa-aravaca,Comunidad de Madrid,,0,1,,,,,
Fune Mascotas Fuencarral-El Pardo,,+34 919 93 12 27,https://funemascotas.com/madrid/incineracion-mascotas-fuencarralpardo/,"C/ del Mirador de la Reina, 44, Fuencarral-El Pardo, 28035 Madrid","C/ del Mirador de la Reina, 44",Madrid,Fuencarral-El Pardo,Madrid,28035,40.4904205,-3.719209,,,,,,,,,,https://streetviewpixels-pa.googleapis.com/v1/thumbnail?panoid=tDMvVbIkBa8LoPGUE3geAw&cb_client=search.gws-prod.gps&w=800&h=500&yaw=178.21967&pitch=0&thumbfov=100,https://lh3.googleusercontent.com/p/AF1QipNqWcTydl5u9N43G8OxsKcrYndTISZOQuddQncc=w1600-h1000-k-no,https://lh6.googleusercontent.com/-LLjeHX542BI/AAAAAAAAAAI/AAAAAAAAAAA/Dvd5Oiqjuww/s44-p-k-no-ns-nd/photo.jpg,OPERATIONAL,"{""lunes"": ""Abierto 24 horas"", ""martes"": ""Abierto 24 horas"", ""miércoles"": ""Abierto 24 horas"", ""jueves"": ""Abierto 24 horas"", ""viernes"": ""Abierto 24 horas"", ""sábado"": ""Abierto 24 horas"", ""domingo"": ""Abierto 24 horas""}",,,,,,,1,"https://www.google.com/maps/place/Fune+Mascotas+Fuencarral-El+Pardo/@40.4904205,-3.7192089999999998,14z/data=!4m8!1m2!2m1!1sFune+Mascotas+Fuencarral-El+Pardo!3m4!1s0xd422950d89b06eb:0x23c38f7447393d30!8m2!3d40.4904205!4d-3.7192089999999998","https://www.google.com/maps/place/Fune+Mascotas+Fuencarral-El+Pardo/@40.4904205,-3.7192089999999998,13.99z/data=!4m16!1m7!3m6!1s0xd422950d89b06eb:0x23c38f7447393d30!2sFune+Mascotas+Fuencarral-El+Pardo!8m2!3d40.4904205!4d-3.7192089999999998!16s%2Fg%2F11ckvg1dmb!3m7!1s0xd422950d89b06eb:0x23c38f7447393d30!8m2!3d40.4904205!4d-3.7192089999999998!9m1!1b1!16s%2Fg%2F11ckvg1dmb?entry=ttu",ChIJ6wab2FApQg0RMD05R3SPwyM,"2,58E+18",,fune-mascotas-fuencarral-el-pardo,Comunidad de Madrid,,0,1,,,,,
Fune Mascotas Chamartín,,+34 919 93 12 27,https://funemascotas.com/madrid/incineracion-mascotas-chamartin/,"C. de Sta. Magdalena Sofía, 1, Chamartín, 28036 Madrid","C. de Sta. Magdalena Sofía, 1",Madrid,Chamartín,Madrid,28036,40.4689125,-3.6765941,,,,,,,,,,https://streetviewpixels-pa.googleapis.com/v1/thumbnail?panoid=mI00Qr1wbltBz9L2ywjmlQ&cb_client=search.gws-prod.gps&w=800&h=500&yaw=25.585287&pitch=0&thumbfov=100,https://lh3.googleusercontent.com/p/AF1QipNcHIjvsAQxk3LiSqGiJ7egHxILDkTxxxoegrmz=w1600-h1000-k-no,https://lh6.googleusercontent.com/-rYpPSRA19xg/AAAAAAAAAAI/AAAAAAAAAAA/k3qysPVMJUg/s44-p-k-no-ns-nd/photo.jpg,OPERATIONAL,"{""lunes"": ""Abierto 24 horas"", ""martes"": ""Abierto 24 horas"", ""miércoles"": ""Abierto 24 horas"", ""jueves"": ""Abierto 24 horas"", ""viernes"": ""Abierto 24 horas"", ""sábado"": ""Abierto 24 horas"", ""domingo"": ""Abierto 24 horas""}",,,,,,,1,"https://www.google.com/maps/place/Fune+Mascotas+Chamart%C3%ADn/@40.468912499999995,-3.6765941,14z/data=!4m8!1m2!2m1!1sFune+Mascotas+Chamart%C3%ADn!3m4!1s0xd422930062a40db:0xadffd9246abadaef!8m2!3d40.468912499999995!4d-3.6765941","https://www.google.com/maps/place/Fune+Mascotas+Chamart%C3%ADn/@40.468912499999995,-3.6765941,13.99z/data=!4m16!1m7!3m6!1s0xd422930062a40db:0xadffd9246abadaef!2sFune+Mascotas+Chamart%C3%ADn!8m2!3d40.468912499999995!4d-3.6765941!16s%2Fg%2F11ckvg1dmb!3m7!1s0xd422930062a40db:0xadffd9246abadaef!8m2!3d40.468912499999995!4d-3.6765941!9m1!1b1!16s%2Fg%2F11ckvg1dmb?entry=ttu",ChIJ20AqBjApQg0R79q6aiTZ_60,"1,25E+19",,fune-mascotas-chamartin,Comunidad de Madrid,,0,1,,,,,
Crematorio de mascotas - CREMASCOTA s.l.,"Servicio de cremación, Planta incineradora, Cementerio de mascotas, Veterinario",+34 916 44 18 77,https://www.cremascota.com/,"Polígono Industrial Urtinsa, C. Químicas, 19, 28923 Alcorcón, Madrid","Polígono Industrial Urtinsa, C. Químicas, 19",Alcorcón,,Madrid,28923,40.3366595,-3.8166071,4.9,771,https://search.google.com/local/reviews?placeid=ChIJvbDESVCJQQ0R8TXv62heMSM&q=*&authuser=0&hl=es&gl=ES,"{""1"": 7, ""2"": 3, ""3"": 1, ""4"": 8, ""5"": 752}",7,3,1,8,752,https://lh3.googleusercontent.com/gps-cs-s/AG0ilSx-gNE2sE5ih_NAK4UMIQ1a5j5XFIhOfJnaifjJFlYnV5Zit2Zt6vDbzP6BE1Yrhvvl0Yi7duSZZChrPhwCFh5Fzoo_L7kupjhp7ghzOp61OjgRl7-yq9RY1_a5Tg05Dx-85833F3NC6D9U=w800-h500-k-no,https://lh3.googleusercontent.com/gps-cs-s/AG0ilSx-gNE2sE5ih_NAK4UMIQ1a5j5XFIhOfJnaifjJFlYnV5Zit2Zt6vDbzP6BE1Yrhvvl0Yi7duSZZChrPhwCFh5Fzoo_L7kupjhp7ghzOp61OjgRl7-yq9RY1_a5Tg05Dx-85833F3NC6D9U=w1600-h1000-k-no,https://lh5.googleusercontent.com/-5DH1qqvDHEE/AAAAAAAAAAI/AAAAAAAAAAA/L0ZKNSi-CgY/s44-p-k-no-ns-nd/photo.jpg,OPERATIONAL,"{""lunes"": ""Abierto 24 horas"", ""martes"": ""Abierto 24 horas"", ""miércoles"": ""Abierto 24 horas"", ""jueves"": ""Abierto 24 horas"", ""viernes"": ""Abierto 24 horas"", ""sábado"": ""Abierto 24 horas"", ""domingo"": ""Abierto 24 horas""}",,,https://www.cremascota.com/contacto/,,"{""Accesibilidad"": {""Acceso para sillas de ruedas"": true, ""Aparcamiento adaptado para sillas de ruedas"": true}, ""Aparcamiento"": {""Aparcamiento en la calle gratuito"": true}}",,1,"https://www.google.com/maps/place/Crematorio+de+mascotas+-+CREMASCOTA+s.l./@40.336659499999996,-3.8166070999999997,14z/data=!4m8!1m2!2m1!1sCrematorio+de+mascotas+-+CREMASCOTA+s.l.!3m4!1s0xd41895049c4b0bd:0x23315e68ebef35f1!8m2!3d40.336659499999996!4d-3.8166070999999997","https://www.google.com/maps/place/Crematorio+de+mascotas+-+CREMASCOTA+s.l./@40.336659499999996,-3.8166070999999997,13.99z/data=!4m16!1m7!3m6!1s0xd41895049c4b0bd:0x23315e68ebef35f1!2sCrematorio+de+mascotas+-+CREMASCOTA+s.l.!8m2!3d40.336659499999996!4d-3.8166070999999997!16s%2Fg%2F11ckvg1dmb!3m7!1s0xd41895049c4b0bd:0x23315e68ebef35f1!8m2!3d40.336659499999996!4d-3.8166070999999997!9m1!1b1!16s%2Fg%2F11ckvg1dmb?entry=ttu",ChIJvbDESVCJQQ0R8TXv62heMSM,"2,54E+18","2,54E+18",crematorio-de-mascotas--cremascota-sl,Comunidad de Madrid,,0,1,"Accesibilidad: Acceso para sillas de ruedas: Sí, Aparcamiento adaptado para sillas de ruedas: Sí, Aparcamiento: Aparcamiento en la calle gratuito: Sí",,,,
Fune Mascotas El Retiro,,+34 919 93 12 27,https://funemascotas.com/madrid/incineracion-mascotas-el-retiro/,"C. de Máiquez, 76, Retiro, 28009 Madrid","C. de Máiquez, 76",Madrid,Retiro,Madrid,28009,40.4163377,-3.6733637,,,,,,,,,,https://streetviewpixels-pa.googleapis.com/v1/thumbnail?panoid=LhtEz42aVR0p6BorWF6-fw&cb_client=search.gws-prod.gps&w=800&h=500&yaw=246.7498&pitch=0&thumbfov=100,https://lh3.googleusercontent.com/p/AF1QipP6UU8NI1mBj4l6ecMMN9BhN-KhjTcYlQGwhhee=w1600-h1000-k-no,https://lh3.googleusercontent.com/-ljupo6zELbk/AAAAAAAAAAI/AAAAAAAAAAA/YifMPM3yBeo/s44-p-k-no-ns-nd/photo.jpg,OPERATIONAL,"{""lunes"": ""Abierto 24 horas"", ""martes"": ""Abierto 24 horas"", ""miércoles"": ""Abierto 24 horas"", ""jueves"": ""Abierto 24 horas"", ""viernes"": ""Abierto 24 horas"", ""sábado"": ""Abierto 24 horas"", ""domingo"": ""Abierto 24 horas""}",,,,,,,1,"https://www.google.com/maps/place/Fune+Mascotas+El+Retiro/@40.4163377,-3.6733637,14z/data=!4m8!1m2!2m1!1sFune+Mascotas+El+Retiro!3m4!1s0xd42297dacb3c301:0xc05e4b6d400297ff!8m2!3d40.4163377!4d-3.6733637","https://www.google.com/maps/place/Fune+Mascotas+El+Retiro/@40.4163377,-3.6733637,13.99z/data=!4m16!1m7!3m6!1s0xd42297dacb3c301:0xc05e4b6d400297ff!2sFune+Mascotas+El+Retiro!8m2!3d40.4163377!4d-3.6733637!16s%2Fg%2F11ckvg1dmb!3m7!1s0xd42297dacb3c301:0xc05e4b6d400297ff!8m2!3d40.4163377!4d-3.6733637!9m1!1b1!16s%2Fg%2F11ckvg1dmb?entry=ttu",ChIJAcOzrH0pQg0R_5cCQG1LXsA,"1,39E+19",,fune-mascotas-el-retiro,Comunidad de Madrid,,0,1,,,,,
Fune Mascotas Arganzuela,,+34 919 93 12 27,https://funemascotas.com/madrid/incineracion-mascotas-arganzuela/,"P.º de la Esperanza, 41, Arganzuela, 28005 Madrid","P.º de la Esperanza, 41",Madrid,Arganzuela,Madrid,28005,40.399408,-3.7031098,,,,,,,,,,https://streetviewpixels-pa.googleapis.com/v1/thumbnail?panoid=xaRE6rY9Af-K-UY07qNH-w&cb_client=search.gws-prod.gps&w=800&h=500&yaw=50.772934&pitch=0&thumbfov=100,https://lh3.googleusercontent.com/p/AF1QipOzEdYecUuCI_M5wBEFt1DMJAoL2aHg7FIaohY=w1600-h1000-k-no,https://lh5.googleusercontent.com/-Y7WRlmr3pWY/AAAAAAAAAAI/AAAAAAAAAAA/c-FympM7x5k/s44-p-k-no-ns-nd/photo.jpg,OPERATIONAL,"{""lunes"": ""Abierto 24 horas"", ""martes"": ""Abierto 24 horas"", ""miércoles"": ""Abierto 24 horas"", ""jueves"": ""Abierto 24 horas"", ""viernes"": ""Abierto 24 horas"", ""sábado"": ""Abierto 24 horas"", ""domingo"": ""Abierto 24 horas""}",,,,,,,1,"https://www.google.com/maps/place/Fune+Mascotas+Arganzuela/@40.399408,-3.7031098,14z/data=!4m8!1m2!2m1!1sFune+Mascotas+Arganzuela!3m4!1s0xd4227af1b965eff:0x33a2239da2178a0a!8m2!3d40.399408!4d-3.7031098","https://www.google.com/maps/place/Fune+Mascotas+Arganzuela/@40.399408,-3.7031098,13.99z/data=!4m16!1m7!3m6!1s0xd4227af1b965eff:0x33a2239da2178a0a!2sFune+Mascotas+Arganzuela!8m2!3d40.399408!4d-3.7031098!16s%2Fg%2F11ckvg1dmb!3m7!1s0xd4227af1b965eff:0x33a2239da2178a0a!8m2!3d40.399408!4d-3.7031098!9m1!1b1!16s%2Fg%2F11ckvg1dmb?entry=ttu",ChIJ_16WG68nQg0RCooXop0jojM,"3,72E+18",,fune-mascotas-arganzuela,Comunidad de Madrid,,0,1,,,,,
Recordarte y Sonreír - Crematorio de Mascotas,"Servicio de cremación, Funeraria, Planta incineradora, Cementerio de mascotas",+34 669 54 78 93,https://recordarteysonreir.com/,"C. Calidad, 34, Poligono Industrial los Olivos, 28906 Getafe, Madrid","C. Calidad, 34",Getafe,Poligono Industrial los Olivos,Madrid,28906,40.3134002,-3.681863,4.9,283,https://search.google.com/local/reviews?placeid=ChIJJ81MUIAhQg0RXqmyZkhPu6Q&q=*&authuser=0&hl=es&gl=ES,"{""1"": 7, ""2"": 1, ""3"": 0, ""4"": 2, ""5"": 273}",7,1,0,2,273,https://lh3.googleusercontent.com/p/AF1QipPMZ1BUYR-64HvNNk8i0l4WdcmHOSwLcqXmGAU6=w800-h500-k-no,https://lh3.googleusercontent.com/p/AF1QipPMZ1BUYR-64HvNNk8i0l4WdcmHOSwLcqXmGAU6=w1600-h1000-k-no,https://lh3.googleusercontent.com/-CoF2KaN1AbY/AAAAAAAAAAI/AAAAAAAAAAA/T7kDWVS2xhU/s44-p-k-no-ns-nd/photo.jpg,OPERATIONAL,"{""lunes"": ""Abierto 24 horas"", ""martes"": ""Abierto 24 horas"", ""miércoles"": ""Abierto 24 horas"", ""jueves"": ""Abierto 24 horas"", ""viernes"": ""Abierto 24 horas"", ""sábado"": ""Abierto 24 horas"", ""domingo"": ""Abierto 24 horas""}",,,,,"{""Accesibilidad"": {""Acceso para sillas de ruedas"": true, ""Aparcamiento adaptado para sillas de ruedas"": true}}",,1,"https://www.google.com/maps/place/Recordarte+y+Sonre%C3%ADr+-+Crematorio+de+Mascotas/@40.3134002,-3.681863,14z/data=!4m8!1m2!2m1!1sRecordarte+y+Sonre%C3%ADr+-+Crematorio+de+Mascotas!3m4!1s0xd422180504ccd27:0xa4bb4f4866b2a95e!8m2!3d40.3134002!4d-3.681863","https://www.google.com/maps/place/Recordarte+y+Sonre%C3%ADr+-+Crematorio+de+Mascotas/@40.3134002,-3.681863,13.99z/data=!4m16!1m7!3m6!1s0xd422180504ccd27:0xa4bb4f4866b2a95e!2sRecordarte+y+Sonre%C3%ADr+-+Crematorio+de+Mascotas!8m2!3d40.3134002!4d-3.681863!16s%2Fg%2F11ckvg1dmb!3m7!1s0xd422180504ccd27:0xa4bb4f4866b2a95e!8m2!3d40.3134002!4d-3.681863!9m1!1b1!16s%2Fg%2F11ckvg1dmb?entry=ttu",ChIJJ81MUIAhQg0RXqmyZkhPu6Q,"1,19E+19","-6,58E+18",recordarte-y-sonreir--crematorio-de-mascotas,Comunidad de Madrid,,0,1,"Accesibilidad: Acceso para sillas de ruedas: Sí, Aparcamiento adaptado para sillas de ruedas: Sí",,,,
Fune Mascotas Villaverde,,+34 919 93 12 27,https://funemascotas.com/madrid/incineracion-mascotas-villaverde/,"Av. de Espinela, 12, Villaverde, 28021 Madrid","Av. de Espinela, 12",Madrid,Villaverde,Madrid,28021,40.3451639,-3.7095207,,,,,,,,,,https://streetviewpixels-pa.googleapis.com/v1/thumbnail?panoid=8K1gjyOzCDE8u9V90a2-Mw&cb_client=search.gws-prod.gps&w=800&h=500&yaw=309.6359&pitch=0&thumbfov=100,https://lh3.googleusercontent.com/p/AF1QipMWPOToB-dL_hXBBQMvS1DfEoBNvi3I7G4aaB2j=w1600-h1000-k-no,https://lh4.googleusercontent.com/-NC3V4yoVLp8/AAAAAAAAAAI/AAAAAAAAAAA/AiUyVC1CGdQ/s44-p-k-no-ns-nd/photo.jpg,OPERATIONAL,"{""lunes"": ""Abierto 24 horas"", ""martes"": ""Abierto 24 horas"", ""miércoles"": ""Abierto 24 horas"", ""jueves"": ""Abierto 24 horas"", ""viernes"": ""Abierto 24 horas"", ""sábado"": ""Abierto 24 horas"", ""domingo"": ""Abierto 24 horas""}",,,,,"{""Clientela"": {""Amigable con la comunidad LGTBI+"": true, ""Espacio seguro para personas transgénero"": true}, ""Other"": {""Amigable con la comunidad LGTBI+"": true}}",,1,"https://www.google.com/maps/place/Fune+Mascotas+Villaverde/@40.345163899999996,-3.7095206999999997,14z/data=!4m8!1m2!2m1!1sFune+Mascotas+Villaverde!3m4!1s0xd4227544b3dc389:0x90df2cbf8cc949ca!8m2!3d40.345163899999996!4d-3.7095206999999997","https://www.google.com/maps/place/Fune+Mascotas+Villaverde/@40.345163899999996,-3.7095206999999997,13.99z/data=!4m16!1m7!3m6!1s0xd4227544b3dc389:0x90df2cbf8cc949ca!2sFune+Mascotas+Villaverde!8m2!3d40.345163899999996!4d-3.7095206999999997!16s%2Fg%2F11ckvg1dmb!3m7!1s0xd4227544b3dc389:0x90df2cbf8cc949ca!8m2!3d40.345163899999996!4d-3.7095206999999997!9m1!1b1!16s%2Fg%2F11ckvg1dmb?entry=ttu",ChIJicM9S1QnQg0RyknJjL8s35A,"1,04E+19",,fune-mascotas-villaverde,Comunidad de Madrid,,0,1,"Clientela: Amigable con la comunidad LGTBI+: Sí, Espacio seguro para personas transgénero: Sí, Other: Amigable con la comunidad LGTBI+: Sí",,,,
Fune Mascotas - Pozuelo,Servicio de urgencias veterinarias,+34 919 93 12 27,https://funemascotas.com/madrid/eutanasia-perros-a-domicilio-pozuelo/,"C. de Inglaterra, 3, 28224 Pozuelo de Alarcón, Madrid","C. de Inglaterra, 3",Pozuelo de Alarcón,,Madrid,28224,40.4413808,-3.7891931,,,,,,,,,,https://lh3.googleusercontent.com/p/AF1QipPUqu8r9GO1rOywLfUFCUFX5giLuVCE82PF-i36=w800-h500-k-no,https://lh3.googleusercontent.com/p/AF1QipPUqu8r9GO1rOywLfUFCUFX5giLuVCE82PF-i36=w1600-h1000-k-no,https://lh4.googleusercontent.com/-3c-Tbqad4-c/AAAAAAAAAAI/AAAAAAAAAAA/XA-95d9YU7o/s44-p-k-no-ns-nd/photo.jpg,OPERATIONAL,"{""lunes"": ""Abierto 24 horas"", ""martes"": ""Abierto 24 horas"", ""miércoles"": ""Abierto 24 horas"", ""jueves"": ""Abierto 24 horas"", ""viernes"": ""Abierto 24 horas"", ""sábado"": ""Abierto 24 horas"", ""domingo"": ""Abierto 24 horas""}",,,,,,,1,"https://www.google.com/maps/place/Fune+Mascotas+-+Pozuelo/@40.4413808,-3.7891931,14z/data=!4m8!1m2!2m1!1sFune+Mascotas+-+Pozuelo!3m4!1s0xd41878197f2aaf1:0xef0ba79d517d7cdf!8m2!3d40.4413808!4d-3.7891931","https://www.google.com/maps/place/Fune+Mascotas+-+Pozuelo/@40.4413808,-3.7891931,13.99z/data=!4m16!1m7!3m6!1s0xd41878197f2aaf1:0xef0ba79d517d7cdf!2sFune+Mascotas+-+Pozuelo!8m2!3d40.4413808!4d-3.7891931!16s%2Fg%2F11ckvg1dmb!3m7!1s0xd41878197f2aaf1:0xef0ba79d517d7cdf!8m2!3d40.4413808!4d-3.7891931!9m1!1b1!16s%2Fg%2F11ckvg1dmb?entry=ttu",ChIJ8aryl4GHQQ0R33x9UZ2nC-8,"1,72E+19",,fune-mascotas--pozuelo,Comunidad de Madrid,,0,1,,,,,
Funeraria Huella Amiga - Incinerar Mascota en Madrid,,+34 919 93 09 26,https://huellaamiga.net/,"C. Alegría de Oria, 49, 4B, San Blas-Canillejas, 28027 Madrid","C. Alegría de Oria, 49, 4B",Madrid,San Blas-Canillejas,Madrid,28027,40.4451835,-3.6340749,4.9,89,https://search.google.com/local/reviews?placeid=ChIJ4-9_iSJ_hk8RlSWS4J66Lpc&q=*&authuser=0&hl=es&gl=ES,"{""1"": 1, ""2"": 0, ""3"": 1, ""4"": 2, ""5"": 85}",1,0,1,2,85,https://lh3.googleusercontent.com/p/AF1QipN0y9qKyyFlk63DXfLi7OKi0uZST8Gdc6_lpn1O=w800-h500-k-no,https://lh3.googleusercontent.com/p/AF1QipN0y9qKyyFlk63DXfLi7OKi0uZST8Gdc6_lpn1O=w1600-h1000-k-no,https://lh3.googleusercontent.com/-9XXZRdnPmrg/AAAAAAAAAAI/AAAAAAAAAAA/a8XOiXh-CPk/s44-p-k-no-ns-nd/photo.jpg,OPERATIONAL,"{""lunes"": ""Abierto 24 horas"", ""martes"": ""Abierto 24 horas"", ""miércoles"": ""Abierto 24 horas"", ""jueves"": ""Abierto 24 horas"", ""viernes"": ""Abierto 24 horas"", ""sábado"": ""Abierto 24 horas"", ""domingo"": ""Abierto 24 horas""}",,,,,"{""Opciones de servicio"": {""Ofrece asistencia en otros idiomas"": true}, ""Accesibilidad"": {""Aseo adaptado para sillas de ruedas"": false, ""Asientos adaptados sillas de ruedas"": false}, ""Servicios"": {""Aseos unisex"": true}, ""Clientela"": {""Amigable con la comunidad LGTBI+"": true}, ""Other"": {""Amigable con la comunidad LGTBI+"": true}}",,1,"https://www.google.com/maps/place/Funeraria+Huella+Amiga+-+Incinerar+Mascota+en+Madrid/@40.4451835,-3.6340749,14z/data=!4m8!1m2!2m1!1sFuneraria+Huella+Amiga+-+Incinerar+Mascota+en+Madrid!3m4!1s0x4f867f22897fefe3:0x972eba9ee0922595!8m2!3d40.4451835!4d-3.6340749","https://www.google.com/maps/place/Funeraria+Huella+Amiga+-+Incinerar+Mascota+en+Madrid/@40.4451835,-3.6340749,13.99z/data=!4m16!1m7!3m6!1s0x4f867f22897fefe3:0x972eba9ee0922595!2sFuneraria+Huella+Amiga+-+Incinerar+Mascota+en+Madrid!8m2!3d40.4451835!4d-3.6340749!16s%2Fg%2F11ckvg1dmb!3m7!1s0x4f867f22897fefe3:0x972eba9ee0922595!8m2!3d40.4451835!4d-3.6340749!9m1!1b1!16s%2Fg%2F11ckvg1dmb?entry=ttu",ChIJ4-9_iSJ_hk8RlSWS4J66Lpc,"1,09E+19","-7,55E+18",funeraria-huella-amiga--incinerar-mascota-en-madrid,Comunidad de Madrid,,0,1,"Opciones de servicio: Ofrece asistencia en otros idiomas: Sí, Accesibilidad: Aseo adaptado para sillas de ruedas: No, Asientos adaptados sillas de ruedas: No, Servicios: Aseos unisex: Sí, Clientela: Amigable con la comunidad LGTBI+: Sí, Other: Amigable con la comunidad LGTBI+: Sí",,,,
Wasky | Autolavado de mascotas Plaza Elíptica,"Peluquero de mascotas, Tienda de productos para mascotas",+34 913 13 09 59,https://www.wasky.es/,"P.º de Sta. María de la Cabeza, 168, Carabanchel, 28019 Madrid","P.º de Sta. María de la Cabeza, 168",Madrid,Carabanchel,Madrid,28019,40.3863641,-3.7167246,3.9,24,https://search.google.com/local/reviews?placeid=ChIJZdAnyFAnQg0RGnS4syFMAec&q=*&authuser=0&hl=es&gl=ES,"{""1"": 2, ""2"": 3, ""3"": 1, ""4"": 8, ""5"": 10}",2,3,1,8,10,https://lh3.googleusercontent.com/p/AF1QipMniE6GsKDPzSJOGw16H87FYd4KvrAwBelHpZwh=w800-h500-k-no,https://lh3.googleusercontent.com/p/AF1QipMniE6GsKDPzSJOGw16H87FYd4KvrAwBelHpZwh=w1600-h1000-k-no,https://lh3.googleusercontent.com/-ZLzaaW7TunI/AAAAAAAAAAI/AAAAAAAAAAA/xGOP-Om_fcU/s44-p-k-no-ns-nd/photo.jpg,OPERATIONAL,"{""lunes"": ""Abierto 24 horas"", ""martes"": ""Abierto 24 horas"", ""miércoles"": ""Abierto 24 horas"", ""jueves"": ""Abierto 24 horas"", ""viernes"": ""Abierto 24 horas"", ""sábado"": ""Abierto 24 horas"", ""domingo"": ""Abierto 24 horas""}",,,,,"{""Accesibilidad"": {""Acceso para sillas de ruedas"": true}, ""Pagos"": {""Pagos con móvil vía NFC"": true, ""Tarjetas de crédito"": true, ""Tarjetas de débito"": true}}",,1,"https://www.google.com/maps/place/Wasky+%7C+Autolavado+de+mascotas+Plaza+El%C3%ADptica/@40.3863641,-3.7167246,14z/data=!4m8!1m2!2m1!1sWasky+%7C+Autolavado+de+mascotas+Plaza+El%C3%ADptica!3m4!1s0xd422750c827d065:0xe7014c21b3b8741a!8m2!3d40.3863641!4d-3.7167246","https://www.google.com/maps/place/Wasky+%7C+Autolavado+de+mascotas+Plaza+El%C3%ADptica/@40.3863641,-3.7167246,13.99z/data=!4m16!1m7!3m6!1s0xd422750c827d065:0xe7014c21b3b8741a!2sWasky+%7C+Autolavado+de+mascotas+Plaza+El%C3%ADptica!8m2!3d40.3863641!4d-3.7167246!16s%2Fg%2F11ckvg1dmb!3m7!1s0xd422750c827d065:0xe7014c21b3b8741a!8m2!3d40.3863641!4d-3.7167246!9m1!1b1!16s%2Fg%2F11ckvg1dmb?entry=ttu",ChIJZdAnyFAnQg0RGnS4syFMAec,"1,66E+19","-1,80E+18",wasky-autolavado-de-mascotas-plaza-eliptica,Comunidad de Madrid,,0,1,"Accesibilidad: Acceso para sillas de ruedas: Sí, Pagos: Pagos con móvil vía NFC: Sí, Tarjetas de crédito: Sí, Tarjetas de débito: Sí",,,,
Fune Mascotas Ciudad Lineal,,+34 919 93 12 27,https://funemascotas.com/madrid/incineracion-mascotas-ciudadlineal/,"C. de Calidón, 5, Cdad. Lineal, 28043 Madrid","C. de Calidón, 5",Madrid,Ciudad Lineal,Madrid,28043,40.4482394,-3.6523037,1,1,https://search.google.com/local/reviews?placeid=ChIJwREn89AvQg0RivhCpmKHUPI&q=*&authuser=0&hl=es&gl=ES,"{""1"": 1, ""2"": 0, ""3"": 0, ""4"": 0, ""5"": 0}",1,0,0,0,0,https://lh3.googleusercontent.com/p/AF1QipNV8tz5G5BvPeUg9NsqsmSZ9XSFlrVyc7tSfjJ2=w800-h500-k-no,https://lh3.googleusercontent.com/p/AF1QipNV8tz5G5BvPeUg9NsqsmSZ9XSFlrVyc7tSfjJ2=w1600-h1000-k-no,https://lh3.googleusercontent.com/-wREZ4fMCeno/AAAAAAAAAAI/AAAAAAAAAAA/b9dMgzXJDKU/s44-p-k-no-ns-nd/photo.jpg,OPERATIONAL,"{""lunes"": ""Abierto 24 horas"", ""martes"": ""Abierto 24 horas"", ""miércoles"": ""Abierto 24 horas"", ""jueves"": ""Abierto 24 horas"", ""viernes"": ""Abierto 24 horas"", ""sábado"": ""Abierto 24 horas"", ""domingo"": ""Abierto 24 horas""}",,,,,,,1,"https://www.google.com/maps/place/Fune+Mascotas+Ciudad+Lineal/@40.4482394,-3.6523037,14z/data=!4m8!1m2!2m1!1sFune+Mascotas+Ciudad+Lineal!3m4!1s0xd422fd0f32711c1:0xf2508762a642f88a!8m2!3d40.4482394!4d-3.6523037","https://www.google.com/maps/place/Fune+Mascotas+Ciudad+Lineal/@40.4482394,-3.6523037,13.99z/data=!4m16!1m7!3m6!1s0xd422fd0f32711c1:0xf2508762a642f88a!2sFune+Mascotas+Ciudad+Lineal!8m2!3d40.4482394!4d-3.6523037!16s%2Fg%2F11ckvg1dmb!3m7!1s0xd422fd0f32711c1:0xf2508762a642f88a!8m2!3d40.4482394!4d-3.6523037!9m1!1b1!16s%2Fg%2F11ckvg1dmb?entry=ttu",ChIJwREn89AvQg0RivhCpmKHUPI,"1,75E+19","-9,86E+17",fune-mascotas-ciudad-lineal,Comunidad de Madrid,,0,1,,,,,
Crematorio de mascotas | Infinity Pet S.L,Cementerio de mascotas,+34 910 37 80 16,https://crematoriomascotasinfinity.com/,"C. Galileo, 3, Nave A12, 28914 Leganés, Madrid","C. Galileo, 3, Nave A12",Leganés,,Madrid,28914,40.3103103,-3.8060681,4.2,123,https://search.google.com/local/reviews?placeid=ChIJy_ht9uqLQQ0RdxWqNBfK5Z4&q=*&authuser=0&hl=es&gl=ES,"{""1"": 20, ""2"": 4, ""3"": 0, ""4"": 4, ""5"": 95}",20,4,0,4,95,https://lh3.googleusercontent.com/p/AF1QipM4Nvyp3TS13KoiFCpQrxQjAf9gs5To311I_Rts=w800-h500-k-no,https://lh3.googleusercontent.com/p/AF1QipM4Nvyp3TS13KoiFCpQrxQjAf9gs5To311I_Rts=w1600-h1000-k-no,https://lh5.googleusercontent.com/-hEu91-CPZT4/AAAAAAAAAAI/AAAAAAAAAAA/Qxioun1_fz8/s44-p-k-no-ns-nd/photo.jpg,OPERATIONAL,"{""lunes"": ""Abierto 24 horas"", ""martes"": ""Abierto 24 horas"", ""miércoles"": ""Abierto 24 horas"", ""jueves"": ""Abierto 24 horas"", ""viernes"": ""Abierto 24 horas"", ""sábado"": ""Abierto 24 horas"", ""domingo"": ""Abierto 24 horas""}",,,,,"{""Accesibilidad"": {""Acceso para sillas de ruedas"": true}, ""Aparcamiento"": {""Aparcamiento en la calle gratuito"": true, ""Aparcamiento gratuito"": true, ""Parking gratuito"": true}}",,1,"https://www.google.com/maps/place/Crematorio+de+mascotas+%7C+Infinity+Pet+S.L/@40.3103103,-3.8060680999999996,14z/data=!4m8!1m2!2m1!1sCrematorio+de+mascotas+%7C+Infinity+Pet+S.L!3m4!1s0xd418beaf66df8cb:0x9ee5ca1734aa1577!8m2!3d40.3103103!4d-3.8060680999999996","https://www.google.com/maps/place/Crematorio+de+mascotas+%7C+Infinity+Pet+S.L/@40.3103103,-3.8060680999999996,13.99z/data=!4m16!1m7!3m6!1s0xd418beaf66df8cb:0x9ee5ca1734aa1577!2sCrematorio+de+mascotas+%7C+Infinity+Pet+S.L!8m2!3d40.3103103!4d-3.8060680999999996!16s%2Fg%2F11ckvg1dmb!3m7!1s0xd418beaf66df8cb:0x9ee5ca1734aa1577!8m2!3d40.3103103!4d-3.8060680999999996!9m1!1b1!16s%2Fg%2F11ckvg1dmb?entry=ttu",ChIJy_ht9uqLQQ0RdxWqNBfK5Z4,"1,14E+19","-7,00E+18",crematorio-de-mascotas-infinity-pet-sl,Comunidad de Madrid,,0,1,"Accesibilidad: Acceso para sillas de ruedas: Sí, Aparcamiento: Aparcamiento en la calle gratuito: Sí, Aparcamiento gratuito: Sí, Parking gratuito: Sí",,,,
Bosque del Silencio,Cementerio de mascotas,+34 644 48 63 24,https://bosquedelsilencio.com.es/,"C. Progreso, 2, Poligono Industrial los Olivos, 28906 Getafe, Madrid","C. Progreso, 2",Getafe,Poligono Industrial los Olivos,Madrid,28906,40.3153951,-3.6903751,4.7,39,https://search.google.com/local/reviews?placeid=ChIJTXqqVvUhQg0RstOzPeB3P4w&q=*&authuser=0&hl=es&gl=ES,"{""1"": 2, ""2"": 1, ""3"": 0, ""4"": 0, ""5"": 36}",2,1,0,0,36,https://lh3.googleusercontent.com/p/AF1QipOCy4azl48DAhrepH4kotOMVU1ByeBdXsnz-Tcw=w800-h500-k-no,https://lh3.googleusercontent.com/p/AF1QipOCy4azl48DAhrepH4kotOMVU1ByeBdXsnz-Tcw=w1600-h1000-k-no,https://lh6.googleusercontent.com/-e87Tq0XP3KQ/AAAAAAAAAAI/AAAAAAAAAAA/SXQ28GWCWPc/s44-p-k-no-ns-nd/photo.jpg,OPERATIONAL,"{""lunes"": ""Abierto 24 horas"", ""martes"": ""Abierto 24 horas"", ""miércoles"": ""Abierto 24 horas"", ""jueves"": ""Abierto 24 horas"", ""viernes"": ""Abierto 24 horas"", ""sábado"": ""Abierto 24 horas"", ""domingo"": ""Abierto 24 horas""}",,,,,"{""Accesibilidad"": {""Acceso para sillas de ruedas"": true}, ""Clientela"": {""Amigable con la comunidad LGTBI+"": true, ""Espacio seguro para personas transgénero"": true}, ""Other"": {""Amigable con la comunidad LGTBI+"": true}}",,1,"https://www.google.com/maps/place/Bosque+del+Silencio/@40.315395099999996,-3.6903751,14z/data=!4m8!1m2!2m1!1sBosque+del+Silencio!3m4!1s0xd4221f556aa7a4d:0x8c3f77e03db3d3b2!8m2!3d40.315395099999996!4d-3.6903751","https://www.google.com/maps/place/Bosque+del+Silencio/@40.315395099999996,-3.6903751,13.99z/data=!4m16!1m7!3m6!1s0xd4221f556aa7a4d:0x8c3f77e03db3d3b2!2sBosque+del+Silencio!8m2!3d40.315395099999996!4d-3.6903751!16s%2Fg%2F11ckvg1dmb!3m7!1s0xd4221f556aa7a4d:0x8c3f77e03db3d3b2!8m2!3d40.315395099999996!4d-3.6903751!9m1!1b1!16s%2Fg%2F11ckvg1dmb?entry=ttu",ChIJTXqqVvUhQg0RstOzPeB3P4w,"1,01E+19","-8,34E+18",bosque-del-silencio,Comunidad de Madrid,,0,1,"Accesibilidad: Acceso para sillas de ruedas: Sí, Clientela: Amigable con la comunidad LGTBI+: Sí, Espacio seguro para personas transgénero: Sí, Other: Amigable con la comunidad LGTBI+: Sí",,,,
Fune Mascotas Leganés,,+34 919 93 12 27,https://funemascotas.com/madrid/incineracion-mascotas-leganes/,"Pl. de la Inmaculada, 2, 28911 Leganés, Madrid","Pl. de la Inmaculada, 2",Leganés,,Madrid,28911,40.3251358,-3.7707121,5,2,https://search.google.com/local/reviews?placeid=ChIJH7i9SXyLQQ0RkVU9tlh2UKs&q=*&authuser=0&hl=es&gl=ES,"{""1"": 0, ""2"": 0, ""3"": 0, ""4"": 0, ""5"": 2}",0,0,0,0,2,https://streetviewpixels-pa.googleapis.com/v1/thumbnail?panoid=xfMaeomKrnmtMQst35RPdQ&cb_client=search.gws-prod.gps&w=800&h=500&yaw=127.9155&pitch=0&thumbfov=100,https://lh3.googleusercontent.com/p/AF1QipMV-OdLW0BMBueG5t6ul2mdAyDH0SP0S7ikjjaP=w1600-h1000-k-no,https://lh3.googleusercontent.com/-h2-NsX1M_yo/AAAAAAAAAAI/AAAAAAAAAAA/Cgkr4jktKSM/s44-p-k-no-ns-nd/photo.jpg,OPERATIONAL,"{""lunes"": ""Abierto 24 horas"", ""martes"": ""Abierto 24 horas"", ""miércoles"": ""Abierto 24 horas"", ""jueves"": ""Abierto 24 horas"", ""viernes"": ""Abierto 24 horas"", ""sábado"": ""Abierto 24 horas"", ""domingo"": ""Abierto 24 horas""}",,,,,,,1,"https://www.google.com/maps/place/Fune+Mascotas+Legan%C3%A9s/@40.3251358,-3.7707121,14z/data=!4m8!1m2!2m1!1sFune+Mascotas+Legan%C3%A9s!3m4!1s0xd418b7c49bdb81f:0xab507658b63d5591!8m2!3d40.3251358!4d-3.7707121","https://www.google.com/maps/place/Fune+Mascotas+Legan%C3%A9s/@40.3251358,-3.7707121,13.99z/data=!4m16!1m7!3m6!1s0xd418b7c49bdb81f:0xab507658b63d5591!2sFune+Mascotas+Legan%C3%A9s!8m2!3d40.3251358!4d-3.7707121!16s%2Fg%2F11ckvg1dmb!3m7!1s0xd418b7c49bdb81f:0xab507658b63d5591!8m2!3d40.3251358!4d-3.7707121!9m1!1b1!16s%2Fg%2F11ckvg1dmb?entry=ttu",ChIJH7i9SXyLQQ0RkVU9tlh2UKs,"1,23E+19","-6,10E+18",fune-mascotas-leganes,Comunidad de Madrid,,0,1,,,,,
"Fune Mascotas Getafe - Incinerar perro, gatos y otros animales",,+34 919 93 12 27,https://funemascotas.com/madrid/incineracion-mascotas-getafe/,"C. Madrid, 102, 28902 Getafe, Madrid","C. Madrid, 102",Getafe,,Madrid,28902,40.3118767,-3.7276809,5,1,https://search.google.com/local/reviews?placeid=ChIJTavoRrYhQg0RUKDoHR9Vfns&q=*&authuser=0&hl=es&gl=ES,"{""1"": 0, ""2"": 0, ""3"": 0, ""4"": 0, ""5"": 1}",0,0,0,0,1,https://streetviewpixels-pa.googleapis.com/v1/thumbnail?panoid=DGmnGL1t0l8L-x0wdSlH_w&cb_client=search.gws-prod.gps&w=800&h=500&yaw=247.07246&pitch=0&thumbfov=100,https://lh3.googleusercontent.com/p/AF1QipOWL9f7glH8k9qtb1nc307bBBRcSFd-pPX6ctLV=w1600-h1000-k-no,https://lh6.googleusercontent.com/-ZC4q3FTEfMo/AAAAAAAAAAI/AAAAAAAAAAA/YRgmrD6jNJU/s44-p-k-no-ns-nd/photo.jpg,OPERATIONAL,"{""lunes"": ""Abierto 24 horas"", ""martes"": ""Abierto 24 horas"", ""miércoles"": ""Abierto 24 horas"", ""jueves"": ""Abierto 24 horas"", ""viernes"": ""Abierto 24 horas"", ""sábado"": ""Abierto 24 horas"", ""domingo"": ""Abierto 24 horas""}",,,,,,,1,"https://www.google.com/maps/place/Fune+Mascotas+Getafe+-+Incinerar+perro%2C+gatos+y+otros+animales/@40.3118767,-3.7276808999999997,14z/data=!4m8!1m2!2m1!1sFune+Mascotas+Getafe+-+Incinerar+perro%2C+gatos+y+otros+animales!3m4!1s0xd4221b646e8ab4d:0x7b7e551f1de8a050!8m2!3d40.3118767!4d-3.7276808999999997","https://www.google.com/maps/place/Fune+Mascotas+Getafe+-+Incinerar+perro%2C+gatos+y+otros+animales/@40.3118767,-3.7276808999999997,13.99z/data=!4m16!1m7!3m6!1s0xd4221b646e8ab4d:0x7b7e551f1de8a050!2sFune+Mascotas+Getafe+-+Incinerar+perro%2C+gatos+y+otros+animales!8m2!3d40.3118767!4d-3.7276808999999997!16s%2Fg%2F11ckvg1dmb!3m7!1s0xd4221b646e8ab4d:0x7b7e551f1de8a050!8m2!3d40.3118767!4d-3.7276808999999997!9m1!1b1!16s%2Fg%2F11ckvg1dmb?entry=ttu",ChIJTavoRrYhQg0RUKDoHR9Vfns,"8,90E+18","8,90E+18",fune-mascotas-getafe--incinerar-perro-gatos-y-otros-animales,Comunidad de Madrid,,0,1,,,,,
Fune Mascotas Moratalaz,,+34 919 93 12 27,https://funemascotas.com/madrid/incineracion-mascotas-moratalaz/,"C. Entre Arroyos, 15, Moratalaz, 28030 Madrid","C. Entre Arroyos, 15",Madrid,Moratalaz,Madrid,28030,40.4087422,-3.6553137,,,,,,,,,,https://streetviewpixels-pa.googleapis.com/v1/thumbnail?panoid=KM_OMLoK-ySfPINCs1prfg&cb_client=search.gws-prod.gps&w=800&h=500&yaw=117.45982&pitch=0&thumbfov=100,https://lh3.googleusercontent.com/p/AF1QipOjh5gizqV4KJYogFLoUkgcVudAYKqKNn-Qgzeh=w1600-h1000-k-no,https://lh5.googleusercontent.com/-ypFGdX7anKQ/AAAAAAAAAAI/AAAAAAAAAAA/DDKrpjGDOXo/s44-p-k-no-ns-nd/photo.jpg,OPERATIONAL,"{""lunes"": ""Abierto 24 horas"", ""martes"": ""Abierto 24 horas"", ""miércoles"": ""Abierto 24 horas"", ""jueves"": ""Abierto 24 horas"", ""viernes"": ""Abierto 24 horas"", ""sábado"": ""Abierto 24 horas"", ""domingo"": ""Abierto 24 horas""}",,,,,,,1,"https://www.google.com/maps/place/Fune+Mascotas+Moratalaz/@40.4087422,-3.6553136999999998,14z/data=!4m8!1m2!2m1!1sFune+Mascotas+Moratalaz!3m4!1s0xd422521afa62c85:0x1a394c88110b1dd5!8m2!3d40.4087422!4d-3.6553136999999998","https://www.google.com/maps/place/Fune+Mascotas+Moratalaz/@40.4087422,-3.6553136999999998,13.99z/data=!4m16!1m7!3m6!1s0xd422521afa62c85:0x1a394c88110b1dd5!2sFune+Mascotas+Moratalaz!8m2!3d40.4087422!4d-3.6553136999999998!16s%2Fg%2F11ckvg1dmb!3m7!1s0xd422521afa62c85:0x1a394c88110b1dd5!8m2!3d40.4087422!4d-3.6553136999999998!9m1!1b1!16s%2Fg%2F11ckvg1dmb?entry=ttu",ChIJhSymryElQg0R1R0LEYhMORo,"1,89E+18",,fune-mascotas-moratalaz,Comunidad de Madrid,,0,1,,,,,
Crematorio de la Almudena (SFM),Servicio de cremación,+34 915 10 84 54,https://sfmadrid.es/crematorio/crematorio-nuestra-senora-de-la-almudena,"Av. de Daroca, 100, Cdad. Lineal, 28017 Madrid","Av. de Daroca, 100",Madrid,Ciudad Lineal,Madrid,28017,40.4198846,-3.633556,3.1,69,https://search.google.com/local/reviews?placeid=ChIJiy0tb2MvQg0Rpp72rUoK0Ak&q=*&authuser=0&hl=es&gl=ES,"{""1"": 20, ""2"": 4, ""3"": 9, ""4"": 19, ""5"": 17}",20,4,9,19,17,https://lh3.googleusercontent.com/p/AF1QipPiukRrBahCmJn1nsQ1sxPTiYJImCPGa6xGUcbX=w800-h500-k-no,https://lh3.googleusercontent.com/p/AF1QipPiukRrBahCmJn1nsQ1sxPTiYJImCPGa6xGUcbX=w1600-h1000-k-no,https://lh4.googleusercontent.com/-xhSm6tPNhFo/AAAAAAAAAAI/AAAAAAAAAAA/q1T-i656ntc/s44-p-k-no-ns-nd/photo.jpg,OPERATIONAL,"{""lunes"": ""9:00-21:00"", ""martes"": ""9:00-21:00"", ""miércoles"": ""9:00-21:00"", ""jueves"": ""9:00-21:00"", ""viernes"": ""9:00-21:00"", ""sábado"": ""9:00-21:00"", ""domingo"": ""9:00-21:00""}",,,http://www.sfmadrid.es/cementerios,,"{""Accesibilidad"": {""Acceso para sillas de ruedas"": true, ""Aparcamiento adaptado para sillas de ruedas"": true}}",,1,"https://www.google.com/maps/place/Crematorio+de+la+Almudena+%28SFM%29/@40.419884599999996,-3.633556,14z/data=!4m8!1m2!2m1!1sCrematorio+de+la+Almudena+%28SFM%29!3m4!1s0xd422f636f2d2d8b:0x9d00a4aadf69ea6!8m2!3d40.419884599999996!4d-3.633556","https://www.google.com/maps/place/Crematorio+de+la+Almudena+%28SFM%29/@40.419884599999996,-3.633556,13.99z/data=!4m16!1m7!3m6!1s0xd422f636f2d2d8b:0x9d00a4aadf69ea6!2sCrematorio+de+la+Almudena+%28SFM%29!8m2!3d40.419884599999996!4d-3.633556!16s%2Fg%2F11ckvg1dmb!3m7!1s0xd422f636f2d2d8b:0x9d00a4aadf69ea6!8m2!3d40.419884599999996!4d-3.633556!9m1!1b1!16s%2Fg%2F11ckvg1dmb?entry=ttu",ChIJiy0tb2MvQg0Rpp72rUoK0Ak,"7,07E+17","7,07E+17",crematorio-de-la-almudena-sfm,Comunidad de Madrid,,0,1,"Accesibilidad: Acceso para sillas de ruedas: Sí, Aparcamiento adaptado para sillas de ruedas: Sí",,,,
"FUNERARIAS EN MADRID, Servicios Funerarios, Traslados, Incineración y Entierro","Servicio de cremación, Funeraria, Floristería",+34 911 30 97 85,http://funerariasenmadrid.net/,"C. del Poeta Blas de Otero, 26, Local Posterior, Cdad. Lineal, 28017 Madrid","C. del Poeta Blas de Otero, 26, Local Posterior",Madrid,Ciudad Lineal,Madrid,28017,40.420597,-3.6524766,5,41,https://search.google.com/local/reviews?placeid=ChIJXdtVVdEvQg0RB4lJXwTgu_8&q=*&authuser=0&hl=es&gl=ES,"{""1"": 0, ""2"": 0, ""3"": 0, ""4"": 2, ""5"": 39}",0,0,0,2,39,https://lh3.googleusercontent.com/p/AF1QipPTothwkVn5_iZ7aMZtUJ9AqAT8MZhUWY9fd2jJ=w800-h500-k-no,https://lh3.googleusercontent.com/p/AF1QipPTothwkVn5_iZ7aMZtUJ9AqAT8MZhUWY9fd2jJ=w1600-h1000-k-no,https://lh6.googleusercontent.com/-0aJWQYcNuB0/AAAAAAAAAAI/AAAAAAAAAAA/BBFUNMx0YIU/s44-p-k-no-ns-nd/photo.jpg,OPERATIONAL,,,,,,"{""Accesibilidad"": {""Acceso para sillas de ruedas"": true}}",,1,"https://www.google.com/maps/place/FUNERARIAS+EN+MADRID%2C+Servicios+Funerarios%2C+Traslados%2C+Incineraci%C3%B3n+y+Entierro/@40.420597,-3.6524766,14z/data=!4m8!1m2!2m1!1sFUNERARIAS+EN+MADRID%2C+Servicios+Funerarios%2C+Traslados%2C+Incineraci%C3%B3n+y+Entierro!3m4!1s0xd422fd15555db5d:0xffbbe0045f498907!8m2!3d40.420597!4d-3.6524766","https://www.google.com/maps/place/FUNERARIAS+EN+MADRID%2C+Servicios+Funerarios%2C+Traslados%2C+Incineraci%C3%B3n+y+Entierro/@40.420597,-3.6524766,13.99z/data=!4m16!1m7!3m6!1s0xd422fd15555db5d:0xffbbe0045f498907!2sFUNERARIAS+EN+MADRID%2C+Servicios+Funerarios%2C+Traslados%2C+Incineraci%C3%B3n+y+Entierro!8m2!3d40.420597!4d-3.6524766!16s%2Fg%2F11ckvg1dmb!3m7!1s0xd422fd15555db5d:0xffbbe0045f498907!8m2!3d40.420597!4d-3.6524766!9m1!1b1!16s%2Fg%2F11ckvg1dmb?entry=ttu",ChIJXdtVVdEvQg0RB4lJXwTgu_8,"1,84E+19","-1,92E+16",funerarias-en-madrid-servicios-funerarios-traslados-incineracion-y-entierro,Comunidad de Madrid,,0,1,Accesibilidad: Acceso para sillas de ruedas: Sí,,,,
Funeraria San Antonio Abad | El Patrón de las Mascotas,"Servicio de cremación, Funeraria, Planta incineradora",+34 912 90 38 83,https://sanantonioabadmc.com/,"C. Miguel de Cervantes, 13, 28860 Paracuellos de Jarama, Madrid","C. Miguel de Cervantes, 13",Paracuellos de Jarama,,Madrid,28860,40.499583,-3.549287,5,1504,https://search.google.com/local/reviews?placeid=ChIJK41WIygyQg0RdCPHlq1aohw&q=*&authuser=0&hl=es&gl=ES,"{""1"": 4, ""2"": 2, ""3"": 4, ""4"": 16, ""5"": 1478}",4,2,4,16,1478,https://lh3.googleusercontent.com/gps-cs-s/AG0ilSxtpok3C8QAhiWlIyFjLn6IoJO4urT_J9EmZCEE3hiV0B5e1DtvnccVKda9feyeS4hZ7Bgq31gf7RaWNq41f87MdM8F0GKja14YTm8ZpFIakd4eFSwSloVqNTnDzCuV1jF9fqg=w800-h500-k-no,https://lh3.googleusercontent.com/gps-cs-s/AG0ilSxtpok3C8QAhiWlIyFjLn6IoJO4urT_J9EmZCEE3hiV0B5e1DtvnccVKda9feyeS4hZ7Bgq31gf7RaWNq41f87MdM8F0GKja14YTm8ZpFIakd4eFSwSloVqNTnDzCuV1jF9fqg=w1600-h1000-k-no,https://lh4.googleusercontent.com/-LYIRp-s4Pnc/AAAAAAAAAAI/AAAAAAAAAAA/RuTX1039oFk/s44-p-k-no-ns-nd/photo.jpg,OPERATIONAL,"{""lunes"": ""Abierto 24 horas"", ""martes"": ""Abierto 24 horas"", ""miércoles"": ""Abierto 24 horas"", ""jueves"": ""Abierto 24 horas"", ""viernes"": ""Abierto 24 horas"", ""sábado"": ""Abierto 24 horas"", ""domingo"": ""Abierto 24 horas""}",,,https://www.sanantonioabadmc.com/contacto/,,"{""Opciones de servicio"": {""Ofrece asistencia en otros idiomas"": true}, ""Accesibilidad"": {""Acceso para sillas de ruedas"": true, ""Aparcamiento adaptado para sillas de ruedas"": true}, ""Servicios"": {""Aseos unisex"": true}, ""Clientela"": {""Amigable con la comunidad LGTBI+"": true, ""Espacio seguro para personas transgénero"": true}, ""Aparcamiento"": {""Aparcamiento en la calle gratuito"": true}, ""Other"": {""Amigable con la comunidad LGTBI+"": true}}",,1,"https://www.google.com/maps/place/Funeraria+San+Antonio+Abad+%7C+El+Patr%C3%B3n+de+las+Mascotas/@40.499583,-3.5492869999999996,14z/data=!4m8!1m2!2m1!1sFuneraria+San+Antonio+Abad+%7C+El+Patr%C3%B3n+de+las+Mascotas!3m4!1s0xd42322823568d2b:0x1ca25aad96c72374!8m2!3d40.499583!4d-3.5492869999999996","https://www.google.com/maps/place/Funeraria+San+Antonio+Abad+%7C+El+Patr%C3%B3n+de+las+Mascotas/@40.499583,-3.5492869999999996,13.99z/data=!4m16!1m7!3m6!1s0xd42322823568d2b:0x1ca25aad96c72374!2sFuneraria+San+Antonio+Abad+%7C+El+Patr%C3%B3n+de+las+Mascotas!8m2!3d40.499583!4d-3.5492869999999996!16s%2Fg%2F11ckvg1dmb!3m7!1s0xd42322823568d2b:0x1ca25aad96c72374!8m2!3d40.499583!4d-3.5492869999999996!9m1!1b1!16s%2Fg%2F11ckvg1dmb?entry=ttu",ChIJK41WIygyQg0RdCPHlq1aohw,"2,06E+18","2,06E+18",funeraria-san-antonio-abad-el-patron-de-las-mascotas,Comunidad de Madrid,,0,1,"Opciones de servicio: Ofrece asistencia en otros idiomas: Sí, Accesibilidad: Acceso para sillas de ruedas: Sí, Aparcamiento adaptado para sillas de ruedas: Sí, Servicios: Aseos unisex: Sí, Clientela: Amigable con la comunidad LGTBI+: Sí, Espacio seguro para personas transgénero: Sí, Aparcamiento: Aparcamiento en la calle gratuito: Sí, Other: Amigable con la comunidad LGTBI+: Sí",,,,
Fune Mascotas Fuenlabrada - Incinerar mascotas,,+34 919 93 12 27,https://funemascotas.com/madrid/incineracion-mascotas-fuenlabrada/,"Pl. España, 5, 28944 Fuenlabrada, Madrid","Pl. España, 5",Fuenlabrada,,Madrid,28944,40.2820492,-3.791927,5,1,https://search.google.com/local/reviews?placeid=ChIJczQvoxiLQQ0RtXpUM4jewOY&q=*&authuser=0&hl=es&gl=ES,"{""1"": 0, ""2"": 0, ""3"": 0, ""4"": 0, ""5"": 1}",0,0,0,0,1,https://streetviewpixels-pa.googleapis.com/v1/thumbnail?panoid=QgGRe2iSsMUgr8ZqZW-jBw&cb_client=search.gws-prod.gps&w=800&h=500&yaw=141.12639&pitch=0&thumbfov=100,https://lh3.googleusercontent.com/p/AF1QipNhlxDGRmXFJwqeOL7wYGPNe7Bd6P6U6fu98GLV=w1600-h1000-k-no,https://lh5.googleusercontent.com/-_O5rWnmHGYI/AAAAAAAAAAI/AAAAAAAAAAA/yiUKp_57iO8/s44-p-k-no-ns-nd/photo.jpg,OPERATIONAL,"{""lunes"": ""Abierto 24 horas"", ""martes"": ""Abierto 24 horas"", ""miércoles"": ""Abierto 24 horas"", ""jueves"": ""Abierto 24 horas"", ""viernes"": ""Abierto 24 horas"", ""sábado"": ""Abierto 24 horas"", ""domingo"": ""Abierto 24 horas""}",,,,,,,1,"https://www.google.com/maps/place/Fune+Mascotas+Fuenlabrada+-+Incinerar+mascotas/@40.282049199999996,-3.791927,14z/data=!4m8!1m2!2m1!1sFune+Mascotas+Fuenlabrada+-+Incinerar+mascotas!3m4!1s0xd418b18a32f3473:0xe6c0de8833547ab5!8m2!3d40.282049199999996!4d-3.791927","https://www.google.com/maps/place/Fune+Mascotas+Fuenlabrada+-+Incinerar+mascotas/@40.282049199999996,-3.791927,13.99z/data=!4m16!1m7!3m6!1s0xd418b18a32f3473:0xe6c0de8833547ab5!2sFune+Mascotas+Fuenlabrada+-+Incinerar+mascotas!8m2!3d40.282049199999996!4d-3.791927!16s%2Fg%2F11ckvg1dmb!3m7!1s0xd418b18a32f3473:0xe6c0de8833547ab5!8m2!3d40.282049199999996!4d-3.791927!9m1!1b1!16s%2Fg%2F11ckvg1dmb?entry=ttu",ChIJczQvoxiLQQ0RtXpUM4jewOY,"1,66E+19","-1,82E+18",fune-mascotas-fuenlabrada--incinerar-mascotas,Comunidad de Madrid,,0,1,,,,,
Fune Mascotas Las Rozas,,+34 919 93 12 27,https://funemascotas.com/madrid/incineracion-mascotas-las-rozas/,"C. del Olmo, 2, 28231 Las Rozas de Madrid, Madrid","C. del Olmo, 2",Las Rozas de Madrid,,Madrid,28231,40.4933444,-3.8729674,5,1,https://search.google.com/local/reviews?placeid=ChIJV8XhOMGDQQ0R5FarzmRWWx0&q=*&authuser=0&hl=es&gl=ES,"{""1"": 0, ""2"": 0, ""3"": 0, ""4"": 0, ""5"": 1}",0,0,0,0,1,https://lh3.googleusercontent.com/gps-cs-s/AG0ilSzZZuPRJ9B4H-2jq4bHIr90UYRyH2n4OYr3FrKM634-5eUSNq9i50MSzVxhy2fl2RG9QNOEZaaqNNoCz5pmLSM92ZSx3CS1YJilvV4vYGakOsBiOCjIuLp-nkdkSI9T8uFAwqx6mg=w800-h500-k-no,https://lh3.googleusercontent.com/gps-cs-s/AG0ilSzZZuPRJ9B4H-2jq4bHIr90UYRyH2n4OYr3FrKM634-5eUSNq9i50MSzVxhy2fl2RG9QNOEZaaqNNoCz5pmLSM92ZSx3CS1YJilvV4vYGakOsBiOCjIuLp-nkdkSI9T8uFAwqx6mg=w1600-h1000-k-no,https://lh6.googleusercontent.com/-BH9bQ-Okcy0/AAAAAAAAAAI/AAAAAAAAAAA/xr-0PZCAazY/s44-p-k-no-ns-nd/photo.jpg,OPERATIONAL,"{""lunes"": ""Abierto 24 horas"", ""martes"": ""Abierto 24 horas"", ""miércoles"": ""Abierto 24 horas"", ""jueves"": ""Abierto 24 horas"", ""viernes"": ""Abierto 24 horas"", ""sábado"": ""Abierto 24 horas"", ""domingo"": ""Abierto 24 horas""}",,,,,,,1,"https://www.google.com/maps/place/Fune+Mascotas+Las+Rozas/@40.4933444,-3.8729674,14z/data=!4m8!1m2!2m1!1sFune+Mascotas+Las+Rozas!3m4!1s0xd4183c138e1c557:0x1d5b5664ceab56e4!8m2!3d40.4933444!4d-3.8729674","https://www.google.com/maps/place/Fune+Mascotas+Las+Rozas/@40.4933444,-3.8729674,13.99z/data=!4m16!1m7!3m6!1s0xd4183c138e1c557:0x1d5b5664ceab56e4!2sFune+Mascotas+Las+Rozas!8m2!3d40.4933444!4d-3.8729674!16s%2Fg%2F11ckvg1dmb!3m7!1s0xd4183c138e1c557:0x1d5b5664ceab56e4!8m2!3d40.4933444!4d-3.8729674!9m1!1b1!16s%2Fg%2F11ckvg1dmb?entry=ttu",ChIJV8XhOMGDQQ0R5FarzmRWWx0,"2,12E+18","2,12E+18",fune-mascotas-las-rozas,Comunidad de Madrid,,0,1,,,,,
Armony Pets | Crematorio e incineración de mascotas en Madrid,Servicio de cremación,+34 914 18 34 50,https://www.armonypets.com/,"C. de Santiago Ramón y Cajal, 61, 28939 Arroyomolinos, Madrid","C. de Santiago Ramón y Cajal, 61",Arroyomolinos,,Madrid,28939,40.30214,-3.89902,4.9,90,https://search.google.com/local/reviews?placeid=ChIJc4IpDUONQQ0R4NGrJfxGUcs&q=*&authuser=0&hl=es&gl=ES,"{""1"": 2, ""2"": 0, ""3"": 0, ""4"": 0, ""5"": 88}",2,0,0,0,88,https://lh3.googleusercontent.com/p/AF1QipO9Nha9KZE7Nxp3WKV6oj1RIzPsLhAJIFeVyagg=w800-h500-k-no,https://lh3.googleusercontent.com/p/AF1QipO9Nha9KZE7Nxp3WKV6oj1RIzPsLhAJIFeVyagg=w1600-h1000-k-no,https://lh5.googleusercontent.com/-ZL_aFjD5op4/AAAAAAAAAAI/AAAAAAAAAAA/TCWuTHN-HfM/s44-p-k-no-ns-nd/photo.jpg,OPERATIONAL,"{""lunes"": ""Abierto 24 horas"", ""martes"": ""Abierto 24 horas"", ""miércoles"": ""Abierto 24 horas"", ""jueves"": ""9:00-17:00"", ""viernes"": ""Abierto 24 horas"", ""sábado"": ""Abierto 24 horas"", ""domingo"": ""Abierto 24 horas""}",,,,,"{""Opciones de servicio"": {""Ofrece asistencia en otros idiomas"": true}, ""Accesibilidad"": {""Acceso para sillas de ruedas"": true, ""Aparcamiento adaptado para sillas de ruedas"": true, ""Aseo adaptado para sillas de ruedas"": true, ""Asientos adaptados sillas de ruedas"": true}, ""Clientela"": {""Amigable con la comunidad LGTBI+"": true, ""Espacio seguro para personas transgénero"": true}, ""Other"": {""Amigable con la comunidad LGTBI+"": true}}",,1,"https://www.google.com/maps/place/Armony+Pets+%7C+Crematorio+e+incineraci%C3%B3n+de+mascotas+en+Madrid/@40.30214,-3.8990199999999997,14z/data=!4m8!1m2!2m1!1sArmony+Pets+%7C+Crematorio+e+incineraci%C3%B3n+de+mascotas+en+Madrid!3m4!1s0xd418d430d298273:0xcb5146fc25abd1e0!8m2!3d40.30214!4d-3.8990199999999997","https://www.google.com/maps/place/Armony+Pets+%7C+Crematorio+e+incineraci%C3%B3n+de+mascotas+en+Madrid/@40.30214,-3.8990199999999997,13.99z/data=!4m16!1m7!3m6!1s0xd418d430d298273:0xcb5146fc25abd1e0!2sArmony+Pets+%7C+Crematorio+e+incineraci%C3%B3n+de+mascotas+en+Madrid!8m2!3d40.30214!4d-3.8990199999999997!16s%2Fg%2F11ckvg1dmb!3m7!1s0xd418d430d298273:0xcb5146fc25abd1e0!8m2!3d40.30214!4d-3.8990199999999997!9m1!1b1!16s%2Fg%2F11ckvg1dmb?entry=ttu",ChIJc4IpDUONQQ0R4NGrJfxGUcs,"1,47E+19","-3,80E+18",armony-pets-crematorio-e-incineracion-de-mascotas-en-madrid,Comunidad de Madrid,,0,1,"Opciones de servicio: Ofrece asistencia en otros idiomas: Sí, Accesibilidad: Acceso para sillas de ruedas: Sí, Aparcamiento adaptado para sillas de ruedas: Sí, Aseo adaptado para sillas de ruedas: Sí, Asientos adaptados sillas de ruedas: Sí, Clientela: Amigable con la comunidad LGTBI+: Sí, Espacio seguro para personas transgénero: Sí, Other: Amigable con la comunidad LGTBI+: Sí",,,,
Fune Mascotas Majadahonda - Cremar perros y gatos,,+34 919 93 12 27,https://funemascotas.com/madrid/incineracion-mascotas-majadahonda/,"Calle Manuel de Falla, 3, 28222 Majadahonda, Madrid","Calle Manuel de Falla, 3",Majadahonda,,Madrid,28222,40.4489286,-3.8603214,5,1,https://search.google.com/local/reviews?placeid=ChIJrQgBV6yFQQ0R6s7Z-zfXWKM&q=*&authuser=0&hl=es&gl=ES,"{""1"": 0, ""2"": 0, ""3"": 0, ""4"": 0, ""5"": 1}",0,0,0,0,1,https://streetviewpixels-pa.googleapis.com/v1/thumbnail?panoid=ep0UHVghaxDe3iFzuTfgCQ&cb_client=search.gws-prod.gps&w=800&h=500&yaw=269.7374&pitch=0&thumbfov=100,https://lh3.googleusercontent.com/p/AF1QipOtG4BzAMxRy1miLvBy9-fmKFzvsu-B5Hwg1PoR=w1600-h1000-k-no,https://lh6.googleusercontent.com/-kT1vA3MVk5A/AAAAAAAAAAI/AAAAAAAAAAA/yDeTPp62d7k/s44-p-k-no-ns-nd/photo.jpg,OPERATIONAL,"{""lunes"": ""Abierto 24 horas"", ""martes"": ""Abierto 24 horas"", ""miércoles"": ""Abierto 24 horas"", ""jueves"": ""Abierto 24 horas"", ""viernes"": ""Abierto 24 horas"", ""sábado"": ""Abierto 24 horas"", ""domingo"": ""Abierto 24 horas""}",,,,,,,1,"https://www.google.com/maps/place/Fune+Mascotas+Majadahonda+-+Cremar+perros+y+gatos/@40.448928599999995,-3.8603213999999997,14z/data=!4m8!1m2!2m1!1sFune+Mascotas+Majadahonda+-+Cremar+perros+y+gatos!3m4!1s0xd4185ac570108ad:0xa358d737fbd9ceea!8m2!3d40.448928599999995!4d-3.8603213999999997","https://www.google.com/maps/place/Fune+Mascotas+Majadahonda+-+Cremar+perros+y+gatos/@40.448928599999995,-3.8603213999999997,13.99z/data=!4m16!1m7!3m6!1s0xd4185ac570108ad:0xa358d737fbd9ceea!2sFune+Mascotas+Majadahonda+-+Cremar+perros+y+gatos!8m2!3d40.448928599999995!4d-3.8603213999999997!16s%2Fg%2F11ckvg1dmb!3m7!1s0xd4185ac570108ad:0xa358d737fbd9ceea!8m2!3d40.448928599999995!4d-3.8603213999999997!9m1!1b1!16s%2Fg%2F11ckvg1dmb?entry=ttu",ChIJrQgBV6yFQQ0R6s7Z-zfXWKM,"1,18E+19","-6,68E+18",fune-mascotas-majadahonda--cremar-perros-y-gatos,Comunidad de Madrid,,0,1,,,,,
Fune Mascotas Boadilla del Monte,,+34 919 93 12 27,https://funemascotas.com/madrid/incineracion-mascotas-boadilla-del-monte/,"C. de San Babiles, 9, 28660 Boadilla del Monte, Madrid","C. de San Babiles, 9",Boadilla del Monte,,Madrid,28660,40.4037383,-3.8767174,,,,,,,,,,https://lh3.googleusercontent.com/p/AF1QipOpJs9_YbScM9Yme0x-5YPDjdDaHtMlNQVAip4Y=w800-h500-k-no,https://lh3.googleusercontent.com/p/AF1QipOpJs9_YbScM9Yme0x-5YPDjdDaHtMlNQVAip4Y=w1600-h1000-k-no,https://lh6.googleusercontent.com/-sIlI8cMyVEU/AAAAAAAAAAI/AAAAAAAAAAA/c4B3xoIQ_8E/s44-p-k-no-ns-nd/photo.jpg,OPERATIONAL,"{""lunes"": ""Abierto 24 horas"", ""martes"": ""Abierto 24 horas"", ""miércoles"": ""Abierto 24 horas"", ""jueves"": ""Abierto 24 horas"", ""viernes"": ""Abierto 24 horas"", ""sábado"": ""Abierto 24 horas"", ""domingo"": ""Abierto 24 horas""}",,,,,"{""Clientela"": {""Amigable con la comunidad LGTBI+"": true, ""Espacio seguro para personas transgénero"": true}, ""Other"": {""Amigable con la comunidad LGTBI+"": true}}",,1,"https://www.google.com/maps/place/Fune+Mascotas+Boadilla+del+Monte/@40.4037383,-3.8767174,14z/data=!4m8!1m2!2m1!1sFune+Mascotas+Boadilla+del+Monte!3m4!1s0xd418f6c6b3780d9:0x401d13f676012f80!8m2!3d40.4037383!4d-3.8767174","https://www.google.com/maps/place/Fune+Mascotas+Boadilla+del+Monte/@40.4037383,-3.8767174,13.99z/data=!4m16!1m7!3m6!1s0xd418f6c6b3780d9:0x401d13f676012f80!2sFune+Mascotas+Boadilla+del+Monte!8m2!3d40.4037383!4d-3.8767174!16s%2Fg%2F11ckvg1dmb!3m7!1s0xd418f6c6b3780d9:0x401d13f676012f80!8m2!3d40.4037383!4d-3.8767174!9m1!1b1!16s%2Fg%2F11ckvg1dmb?entry=ttu",ChIJ2YA3a2yPQQ0RgC8BdvYTHUA,"4,62E+18",,fune-mascotas-boadilla-del-monte,Comunidad de Madrid,,0,1,"Clientela: Amigable con la comunidad LGTBI+: Sí, Espacio seguro para personas transgénero: Sí, Other: Amigable con la comunidad LGTBI+: Sí",,,,
Crematorio ecológico de Mascotas Golden Flame - Madrid,Servicio de cremación,+34 663 30 16 54,https://crematoriogoldenflame.com/madrid/,"C. de Santiago Ramón y Cajal, 61, 28939 Arroyomolinos, Madrid","C. de Santiago Ramón y Cajal, 61",Arroyomolinos,,Madrid,28939,40.30214,-3.89902,5,21,https://search.google.com/local/reviews?placeid=ChIJr4dUYjGNQQ0R0HPmhGf9L2Y&q=*&authuser=0&hl=es&gl=ES,"{""1"": 0, ""2"": 0, ""3"": 0, ""4"": 0, ""5"": 21}",0,0,0,0,21,https://streetviewpixels-pa.googleapis.com/v1/thumbnail?panoid=1FK9II-wwjBsFe4Pbqq0aQ&cb_client=search.gws-prod.gps&w=800&h=500&yaw=60.58944&pitch=0&thumbfov=100,https://streetviewpixels-pa.googleapis.com/v1/thumbnail?panoid=1FK9II-wwjBsFe4Pbqq0aQ&cb_client=search.gws-prod.gps&w=1600&h=1000&yaw=60.58944&pitch=0&thumbfov=100,https://lh6.googleusercontent.com/-kJkYq5v1OYk/AAAAAAAAAAI/AAAAAAAAAAA/cniux8fLAlE/s44-p-k-no-ns-nd/photo.jpg,OPERATIONAL,,,,,,"{""Accesibilidad"": {""Acceso para sillas de ruedas"": true}}",,1,"https://www.google.com/maps/place/Crematorio+ecol%C3%B3gico+de+Mascotas+Golden+Flame+-+Madrid/@40.30214,-3.8990199999999997,14z/data=!4m8!1m2!2m1!1sCrematorio+ecol%C3%B3gico+de+Mascotas+Golden+Flame+-+Madrid!3m4!1s0xd418d31625487af:0x662ffd6784e673d0!8m2!3d40.30214!4d-3.8990199999999997","https://www.google.com/maps/place/Crematorio+ecol%C3%B3gico+de+Mascotas+Golden+Flame+-+Madrid/@40.30214,-3.8990199999999997,13.99z/data=!4m16!1m7!3m6!1s0xd418d31625487af:0x662ffd6784e673d0!2sCrematorio+ecol%C3%B3gico+de+Mascotas+Golden+Flame+-+Madrid!8m2!3d40.30214!4d-3.8990199999999997!16s%2Fg%2F11ckvg1dmb!3m7!1s0xd418d31625487af:0x662ffd6784e673d0!8m2!3d40.30214!4d-3.8990199999999997!9m1!1b1!16s%2Fg%2F11ckvg1dmb?entry=ttu",ChIJr4dUYjGNQQ0R0HPmhGf9L2Y,"7,36E+18","7,36E+18",crematorio-ecologico-de-mascotas-golden-flame--madrid,Comunidad de Madrid,,0,1,Accesibilidad: Acceso para sillas de ruedas: Sí,,,,
Animal Solución Guardería Canina perros gatos conejos,"Guardería canina, Residencia, Guardería para gatos, Parque para perros, Paseador de perros, Cuidador de mascotas, Veterinario",+34 662 22 27 22,https://animalsolucion.com/%3Futm_source%3DGoogle%2520My%2520Business%26utm_medium%3DOrganico%26utm_campaign%3DAnimalSolucionGuarderiaCaninaMadrid,"C. de Virgen de Lluc, 16, Cdad. Lineal, 28027 Madrid","C. de Virgen de Lluc, 16",Madrid,Ciudad Lineal,Madrid,28027,40.4344788,-3.6541758,4.7,57,https://search.google.com/local/reviews?placeid=ChIJsYMif30vQg0RwzuiMB5Ps9M&q=*&authuser=0&hl=es&gl=ES,"{""1"": 3, ""2"": 0, ""3"": 0, ""4"": 7, ""5"": 47}",3,0,0,7,47,https://lh3.googleusercontent.com/p/AF1QipPFDp-IUW_c990rG3LjJlNV-Knp2O6ksmcpNOvV=w800-h500-k-no,https://lh3.googleusercontent.com/p/AF1QipPFDp-IUW_c990rG3LjJlNV-Knp2O6ksmcpNOvV=w1600-h1000-k-no,https://lh4.googleusercontent.com/-DTYILLa1JnM/AAAAAAAAAAI/AAAAAAAAAAA/VWNgVIT-XmA/s44-p-k-no-ns-nd/photo.jpg,OPERATIONAL,,,,https://animalsolucion.com/reserva/,,"{""Información proporcionada por la empresa"": {""Se identifica como de propietarias mujeres"": true}, ""Opciones de servicio"": {""Servicios en las instalaciones"": true}, ""Accesibilidad"": {""Acceso para sillas de ruedas"": true, ""Aparcamiento adaptado para sillas de ruedas"": true, ""Asientos adaptados sillas de ruedas"": true, ""Aseo adaptado para sillas de ruedas"": false}, ""Servicios"": {""Aseos unisex"": true}, ""Clientela"": {""Amigable con la comunidad LGTBI+"": true, ""Espacio seguro para personas transgénero"": true}, ""Aparcamiento"": {""Aparcamiento de pago"": true, ""Aparcamiento en la calle de pago"": true}, ""Other"": {""Amigable con la comunidad LGTBI+"": true, ""Se identifica como de propietarias mujeres"": true}}",,1,"https://www.google.com/maps/place/Animal+Soluci%C3%B3n+Guarder%C3%ADa+Canina+perros+gatos+conejos/@40.4344788,-3.6541758,14z/data=!4m8!1m2!2m1!1sAnimal+Soluci%C3%B3n+Guarder%C3%ADa+Canina+perros+gatos+conejos!3m4!1s0xd422f7d7f2283b1:0xd3b34f1e30a23bc3!8m2!3d40.4344788!4d-3.6541758","https://www.google.com/maps/place/Animal+Soluci%C3%B3n+Guarder%C3%ADa+Canina+perros+gatos+conejos/@40.4344788,-3.6541758,13.99z/data=!4m16!1m7!3m6!1s0xd422f7d7f2283b1:0xd3b34f1e30a23bc3!2sAnimal+Soluci%C3%B3n+Guarder%C3%ADa+Canina+perros+gatos+conejos!8m2!3d40.4344788!4d-3.6541758!16s%2Fg%2F11ckvg1dmb!3m7!1s0xd422f7d7f2283b1:0xd3b34f1e30a23bc3!8m2!3d40.4344788!4d-3.6541758!9m1!1b1!16s%2Fg%2F11ckvg1dmb?entry=ttu",ChIJsYMif30vQg0RwzuiMB5Ps9M,"1,53E+19","-3,19E+18",animal-solucion-guarderia-canina-perros-gatos-conejos,Comunidad de Madrid,,0,1,"Información proporcionada por la empresa: Se identifica como de propietarias mujeres: Sí, Opciones de servicio: Servicios en las instalaciones: Sí, Accesibilidad: Acceso para sillas de ruedas: Sí, Aparcamiento adaptado para sillas de ruedas: Sí, Asientos adaptados sillas de ruedas: Sí, Aseo adaptado para sillas de ruedas: No, Servicios: Aseos unisex: Sí, Clientela: Amigable con la comunidad LGTBI+: Sí, Espacio seguro para personas transgénero: Sí, Aparcamiento: Aparcamiento de pago: Sí, Aparcamiento en la calle de pago: Sí, Other: Amigable con la comunidad LGTBI+: Sí, Se identifica como de propietarias mujeres: Sí",,,,
Pets Eternity - Crematorio y tanatorio de mascotas,Servicio de cremación,+34 676 81 01 33,https://www.petseternity.es/,"C. del Mar Mediterráneo, 2, Nave 22, 28830 San Fernando de Henares, Madrid","C. del Mar Mediterráneo, 2, Nave 22",San Fernando de Henares,,Madrid,28830,40.4545465,-3.5033461,5,104,https://search.google.com/local/reviews?placeid=ChIJ6UajPO8xQg0RfyZu_YzY_y8&q=*&authuser=0&hl=es&gl=ES,"{""1"": 0, ""2"": 0, ""3"": 0, ""4"": 0, ""5"": 104}",0,0,0,0,104,https://lh3.googleusercontent.com/gps-cs-s/AG0ilSzZE1bi9G65oX_9t6xSO1wQ_qbqo7PqWIfSoToXO9421BTOCMqPGGDkajsHbJeEE5whjzIhwbzlCUc2mNsBkuwdC0qL7WyHRiWlsdHTNhEnx_i2AQjq91a-QPgqS5ozeaZEzaMup6iPdm5s=w800-h500-k-no,https://lh3.googleusercontent.com/gps-cs-s/AG0ilSzZE1bi9G65oX_9t6xSO1wQ_qbqo7PqWIfSoToXO9421BTOCMqPGGDkajsHbJeEE5whjzIhwbzlCUc2mNsBkuwdC0qL7WyHRiWlsdHTNhEnx_i2AQjq91a-QPgqS5ozeaZEzaMup6iPdm5s=w1600-h1000-k-no,https://lh4.googleusercontent.com/-KMG_pgz1bIc/AAAAAAAAAAI/AAAAAAAAAAA/kl5iKDVKi-8/s44-p-k-no-ns-nd/photo.jpg,OPERATIONAL,"{""lunes"": ""Abierto 24 horas"", ""martes"": ""10:30-17:00"", ""miércoles"": ""Abierto 24 horas"", ""jueves"": ""10:30-17:00"", ""viernes"": ""Abierto 24 horas"", ""sábado"": ""Abierto 24 horas"", ""domingo"": ""Abierto 24 horas""}",,,,,"{""Información proporcionada por la empresa"": {""Se identifica como de propietarias mujeres"": true}, ""Opciones de servicio"": {""Servicios en las instalaciones"": true, ""Ofrece asistencia en otros idiomas"": true}, ""Accesibilidad"": {""Acceso para sillas de ruedas"": true, ""Aseo adaptado para sillas de ruedas"": true, ""Asientos adaptados sillas de ruedas"": false}, ""Clientela"": {""Amigable con la comunidad LGTBI+"": true, ""Espacio seguro para personas transgénero"": true}, ""Aparcamiento"": {""Aparcamiento en la calle gratuito"": true, ""Aparcamiento gratuito"": true, ""Con aparcamiento propio"": true, ""Parking gratuito"": true}, ""Other"": {""Amigable con la comunidad LGTBI+"": true, ""Se identifica como de propietarias mujeres"": true}}",,1,"https://www.google.com/maps/place/Pets+Eternity+-+Crematorio+y+tanatorio+de+mascotas/@40.4545465,-3.5033461,14z/data=!4m8!1m2!2m1!1sPets+Eternity+-+Crematorio+y+tanatorio+de+mascotas!3m4!1s0xd4231ef3ca346e9:0x2fffd88cfd6e267f!8m2!3d40.4545465!4d-3.5033461","https://www.google.com/maps/place/Pets+Eternity+-+Crematorio+y+tanatorio+de+mascotas/@40.4545465,-3.5033461,13.99z/data=!4m16!1m7!3m6!1s0xd4231ef3ca346e9:0x2fffd88cfd6e267f!2sPets+Eternity+-+Crematorio+y+tanatorio+de+mascotas!8m2!3d40.4545465!4d-3.5033461!16s%2Fg%2F11ckvg1dmb!3m7!1s0xd4231ef3ca346e9:0x2fffd88cfd6e267f!8m2!3d40.4545465!4d-3.5033461!9m1!1b1!16s%2Fg%2F11ckvg1dmb?entry=ttu",ChIJ6UajPO8xQg0RfyZu_YzY_y8,"3,46E+18","3,46E+18",pets-eternity--crematorio-y-tanatorio-de-mascotas,Comunidad de Madrid,,0,1,"Información proporcionada por la empresa: Se identifica como de propietarias mujeres: Sí, Opciones de servicio: Servicios en las instalaciones: Sí, Ofrece asistencia en otros idiomas: Sí, Accesibilidad: Acceso para sillas de ruedas: Sí, Aseo adaptado para sillas de ruedas: Sí, Asientos adaptados sillas de ruedas: No, Clientela: Amigable con la comunidad LGTBI+: Sí, Espacio seguro para personas transgénero: Sí, Aparcamiento: Aparcamiento en la calle gratuito: Sí, Aparcamiento gratuito: Sí, Con aparcamiento propio: Sí, Parking gratuito: Sí, Other: Amigable con la comunidad LGTBI+: Sí, Se identifica como de propietarias mujeres: Sí",,,,
Hadescan - Crematorio mascotas Madrid,"Servicio de cremación, Planta incineradora, Cementerio de mascotas",+34 918 13 05 69,https://hadescan.com/,"C. del Rey, nº 12, 28609 Sevilla la Nueva, Madrid","C. del Rey, nº 12",Sevilla la Nueva,,Madrid,28609,40.3535537,-4.0354075,4.4,426,https://search.google.com/local/reviews?placeid=ChIJ12MnGVGWQQ0RuXHjjI8fvJs&q=*&authuser=0&hl=es&gl=ES,"{""1"": 50, ""2"": 11, ""3"": 1, ""4"": 10, ""5"": 354}",50,11,1,10,354,https://lh3.googleusercontent.com/p/AF1QipMVfHXqCD72UmxC6F5nMeedjuAhUM7Fjp9iSu4n=w800-h500-k-no,https://lh3.googleusercontent.com/p/AF1QipMVfHXqCD72UmxC6F5nMeedjuAhUM7Fjp9iSu4n=w1600-h1000-k-no,https://lh4.googleusercontent.com/-Z8_3ises23w/AAAAAAAAAAI/AAAAAAAAAAA/bfZlUP3AJbs/s44-p-k-no-ns-nd/photo.jpg,OPERATIONAL,"{""lunes"": ""9:00-21:00"", ""martes"": ""9:00-21:00"", ""miércoles"": ""9:00-21:00"", ""jueves"": ""9:00-21:00"", ""viernes"": ""9:00-21:00"", ""sábado"": ""9:00-19:00"", ""domingo"": ""9:00-19:00""}",,,,,"{""Información proporcionada por la empresa"": {""Se identifica como de propietarias mujeres"": true}, ""Opciones de servicio"": {""Ofrece asistencia en otros idiomas"": true}, ""Accesibilidad"": {""Acceso para sillas de ruedas"": true, ""Aseo adaptado para sillas de ruedas"": true, ""Asientos adaptados sillas de ruedas"": false}, ""Clientela"": {""Amigable con la comunidad LGTBI+"": true, ""Espacio seguro para personas transgénero"": true}, ""Aparcamiento"": {""Aparcamiento en la calle gratuito"": true, ""Aparcamiento gratuito"": true, ""Con aparcamiento propio"": true}, ""Other"": {""Amigable con la comunidad LGTBI+"": true, ""Se identifica como de propietarias mujeres"": true}}",,1,"https://www.google.com/maps/place/Hadescan+-+Crematorio+mascotas+Madrid/@40.3535537,-4.0354075,14z/data=!4m8!1m2!2m1!1sHadescan+-+Crematorio+mascotas+Madrid!3m4!1s0xd419651192763d7:0x9bbc1f8f8ce371b9!8m2!3d40.3535537!4d-4.0354075","https://www.google.com/maps/place/Hadescan+-+Crematorio+mascotas+Madrid/@40.3535537,-4.0354075,13.99z/data=!4m16!1m7!3m6!1s0xd419651192763d7:0x9bbc1f8f8ce371b9!2sHadescan+-+Crematorio+mascotas+Madrid!8m2!3d40.3535537!4d-4.0354075!16s%2Fg%2F11ckvg1dmb!3m7!1s0xd419651192763d7:0x9bbc1f8f8ce371b9!8m2!3d40.3535537!4d-4.0354075!9m1!1b1!16s%2Fg%2F11ckvg1dmb?entry=ttu",ChIJ12MnGVGWQQ0RuXHjjI8fvJs,"1,12E+19","-7,22E+18",hadescan--crematorio-mascotas-madrid,Comunidad de Madrid,,0,1,"Información proporcionada por la empresa: Se identifica como de propietarias mujeres: Sí, Opciones de servicio: Ofrece asistencia en otros idiomas: Sí, Accesibilidad: Acceso para sillas de ruedas: Sí, Aseo adaptado para sillas de ruedas: Sí, Asientos adaptados sillas de ruedas: No, Clientela: Amigable con la comunidad LGTBI+: Sí, Espacio seguro para personas transgénero: Sí, Aparcamiento: Aparcamiento en la calle gratuito: Sí, Aparcamiento gratuito: Sí, Con aparcamiento propio: Sí, Other: Amigable con la comunidad LGTBI+: Sí, Se identifica como de propietarias mujeres: Sí",,,,
Crematorio Tanatorio de Mascotas TANAPETS,"Servicio de cremación, Funeraria, Planta incineradora, Cementerio de mascotas",+34 697 49 88 03,https://www.tanapets.es/,"C. del Duero, 40a, 28840 Mejorada del Campo, Madrid","C. del Duero, 40a",Mejorada del Campo,,Madrid,28840,40.3865169,-3.4783276,5,241,https://search.google.com/local/reviews?placeid=ChIJu6YDprA5Qg0RKzVbMWLeSIo&q=*&authuser=0&hl=es&gl=ES,"{""1"": 1, ""2"": 0, ""3"": 0, ""4"": 0, ""5"": 240}",1,0,0,0,240,https://lh3.googleusercontent.com/p/AF1QipM8wmzOIRPce0Ekr5r6qaBrCnJt842s0_kSI74c=w800-h500-k-no,https://lh3.googleusercontent.com/p/AF1QipM8wmzOIRPce0Ekr5r6qaBrCnJt842s0_kSI74c=w1600-h1000-k-no,https://lh6.googleusercontent.com/-bomb6-r_dzo/AAAAAAAAAAI/AAAAAAAAAAA/ETZ5z-ijX_c/s44-p-k-no-ns-nd/photo.jpg,OPERATIONAL,"{""lunes"": ""9:00-21:00"", ""martes"": ""9:00-21:00"", ""miércoles"": ""9:00-21:00"", ""jueves"": ""9:00-21:00"", ""viernes"": ""9:00-21:00"", ""sábado"": ""9:00-17:00"", ""domingo"": ""9:00-17:00""}",,,https://tanapets.es/,,"{""Opciones de servicio"": {""Servicios en las instalaciones"": true}, ""Accesibilidad"": {""Acceso para sillas de ruedas"": true, ""Aparcamiento adaptado para sillas de ruedas"": true, ""Aseo adaptado para sillas de ruedas"": true}, ""Servicios"": {""Aseos unisex"": true}, ""Aparcamiento"": {""Aparcamiento en la calle gratuito"": true}}",,1,"https://www.google.com/maps/place/Crematorio+Tanatorio+de+Mascotas+TANAPETS/@40.3865169,-3.4783275999999996,14z/data=!4m8!1m2!2m1!1sCrematorio+Tanatorio+de+Mascotas+TANAPETS!3m4!1s0xd4239b0a603a6bb:0x8a48de62315b352b!8m2!3d40.3865169!4d-3.4783275999999996","https://www.google.com/maps/place/Crematorio+Tanatorio+de+Mascotas+TANAPETS/@40.3865169,-3.4783275999999996,13.99z/data=!4m16!1m7!3m6!1s0xd4239b0a603a6bb:0x8a48de62315b352b!2sCrematorio+Tanatorio+de+Mascotas+TANAPETS!8m2!3d40.3865169!4d-3.4783275999999996!16s%2Fg%2F11ckvg1dmb!3m7!1s0xd4239b0a603a6bb:0x8a48de62315b352b!8m2!3d40.3865169!4d-3.4783275999999996!9m1!1b1!16s%2Fg%2F11ckvg1dmb?entry=ttu",ChIJu6YDprA5Qg0RKzVbMWLeSIo,"9,96E+18","-8,48E+18",crematorio-tanatorio-de-mascotas-tanapets,Comunidad de Madrid,,0,1,"Opciones de servicio: Servicios en las instalaciones: Sí, Accesibilidad: Acceso para sillas de ruedas: Sí, Aparcamiento adaptado para sillas de ruedas: Sí, Aseo adaptado para sillas de ruedas: Sí, Servicios: Aseos unisex: Sí, Aparcamiento: Aparcamiento en la calle gratuito: Sí",,,,
Caelum Pets | Tanatorio y Crematorio de mascotas en Madrid,"Servicio de cremación, Cementerio de mascotas, Tienda de productos para mascotas",+34 919 93 15 38,https://www.caelumpets.com/,"Av. de Castilla, 32, Nave 29, 28830 San Fernando de Henares, Madrid","Av. de Castilla, 32, Nave 29",San Fernando de Henares,,Madrid,28830,40.4532919,-3.4961753,5,95,https://search.google.com/local/reviews?placeid=ChIJGYAq9N83Qg0RmYYZXWRVWdo&q=*&authuser=0&hl=es&gl=ES,"{""1"": 0, ""2"": 0, ""3"": 0, ""4"": 0, ""5"": 95}",0,0,0,0,95,https://lh3.googleusercontent.com/p/AF1QipNe8_ufmxCmpxqGimdjQYgf8ZVe1TiBPpTC7_R9=w800-h500-k-no,https://lh3.googleusercontent.com/p/AF1QipNe8_ufmxCmpxqGimdjQYgf8ZVe1TiBPpTC7_R9=w1600-h1000-k-no,https://lh6.googleusercontent.com/-9gSylJS_Zn0/AAAAAAAAAAI/AAAAAAAAAAA/tD0QJJeuzrw/s44-p-k-no-ns-nd/photo.jpg,OPERATIONAL,"{""lunes"": ""9:00-20:00"", ""martes"": ""9:00-20:00"", ""miércoles"": ""9:00-20:00"", ""jueves"": ""9:00-20:00"", ""viernes"": ""9:00-20:00"", ""sábado"": ""9:00-20:00"", ""domingo"": ""9:00-20:00""}",,,,,"{""Opciones de servicio"": {""Servicios en las instalaciones"": true, ""Ofrece asistencia en otros idiomas"": true}, ""Accesibilidad"": {""Acceso para sillas de ruedas"": true, ""Aparcamiento adaptado para sillas de ruedas"": true, ""Aseo adaptado para sillas de ruedas"": true, ""Asientos adaptados sillas de ruedas"": true, ""Bucle magnético asistencial"": false}, ""Servicios"": {""Aseos unisex"": true}, ""Clientela"": {""Amigable con la comunidad LGTBI+"": true, ""Espacio seguro para personas transgénero"": true}, ""Aparcamiento"": {""Aparcamiento en la calle gratuito"": true, ""Aparcamiento gratuito"": true, ""Con aparcamiento propio"": true, ""Parking gratuito"": true}, ""Other"": {""Amigable con la comunidad LGTBI+"": true}}",,1,"https://www.google.com/maps/place/Caelum+Pets+%7C+Tanatorio+y+Crematorio+de+mascotas+en+Madrid/@40.453291899999996,-3.4961753,14z/data=!4m8!1m2!2m1!1sCaelum+Pets+%7C+Tanatorio+y+Crematorio+de+mascotas+en+Madrid!3m4!1s0xd4237dff42a8019:0xda5955645d198699!8m2!3d40.453291899999996!4d-3.4961753","https://www.google.com/maps/place/Caelum+Pets+%7C+Tanatorio+y+Crematorio+de+mascotas+en+Madrid/@40.453291899999996,-3.4961753,13.99z/data=!4m16!1m7!3m6!1s0xd4237dff42a8019:0xda5955645d198699!2sCaelum+Pets+%7C+Tanatorio+y+Crematorio+de+mascotas+en+Madrid!8m2!3d40.453291899999996!4d-3.4961753!16s%2Fg%2F11ckvg1dmb!3m7!1s0xd4237dff42a8019:0xda5955645d198699!8m2!3d40.453291899999996!4d-3.4961753!9m1!1b1!16s%2Fg%2F11ckvg1dmb?entry=ttu",ChIJGYAq9N83Qg0RmYYZXWRVWdo,"1,57E+19","-2,71E+18",caelum-pets-tanatorio-y-crematorio-de-mascotas-en-madrid,Comunidad de Madrid,,0,1,"Opciones de servicio: Servicios en las instalaciones: Sí, Ofrece asistencia en otros idiomas: Sí, Accesibilidad: Acceso para sillas de ruedas: Sí, Aparcamiento adaptado para sillas de ruedas: Sí, Aseo adaptado para sillas de ruedas: Sí, Asientos adaptados sillas de ruedas: Sí, Bucle magnético asistencial: No, Servicios: Aseos unisex: Sí, Clientela: Amigable con la comunidad LGTBI+: Sí, Espacio seguro para personas transgénero: Sí, Aparcamiento: Aparcamiento en la calle gratuito: Sí, Aparcamiento gratuito: Sí, Con aparcamiento propio: Sí, Parking gratuito: Sí, Other: Amigable con la comunidad LGTBI+: Sí",,,,
Tanatorio Alcorcón,Destino religioso,,https://www.memora.es/centros/tanatorio-crematorio-alcorcon,"Av. Villaviciosa, s/n, 28922 Alcorcón, Madrid","Av. Villaviciosa, s/n",Alcorcón,,Madrid,28922,40.3520607,-3.8405117,4,365,https://search.google.com/local/reviews?placeid=ChIJMecw_eqPQQ0RJxGY4HekVuc&q=*&authuser=0&hl=es&gl=ES,"{""1"": 24, ""2"": 12, ""3"": 62, ""4"": 127, ""5"": 140}",24,12,62,127,140,https://lh3.googleusercontent.com/gps-cs-s/AG0ilSxWmSZcXwrUYuKoYbW8hOvlYjn2oDl3tzvyYGjNl_DH32Knxpm2Ntf6N_Ff0ckAMYdsYTQidBdY7au4EdL3NW7fvd-oAGOUcSzZaN2r-EPvTZJQxhVVX8HyiR0alubXqB_sPJYjQg=w800-h500-k-no,https://lh3.googleusercontent.com/gps-cs-s/AG0ilSxWmSZcXwrUYuKoYbW8hOvlYjn2oDl3tzvyYGjNl_DH32Knxpm2Ntf6N_Ff0ckAMYdsYTQidBdY7au4EdL3NW7fvd-oAGOUcSzZaN2r-EPvTZJQxhVVX8HyiR0alubXqB_sPJYjQg=w1600-h1000-k-no,,OPERATIONAL,,,,,,"{""Accesibilidad"": {""Acceso para sillas de ruedas"": true, ""Aparcamiento adaptado para sillas de ruedas"": true, ""Aseo adaptado para sillas de ruedas"": true}, ""Servicios"": {""Aseos"": true}}",,0,"https://www.google.com/maps/place/Tanatorio+Alcorc%C3%B3n/@40.352060699999996,-3.8405117,14z/data=!4m8!1m2!2m1!1sTanatorio+Alcorc%C3%B3n!3m4!1s0xd418feafd30e731:0xe756a477e0981127!8m2!3d40.352060699999996!4d-3.8405117","https://www.google.com/maps/place/Tanatorio+Alcorc%C3%B3n/@40.352060699999996,-3.8405117,13.99z/data=!4m16!1m7!3m6!1s0xd418feafd30e731:0xe756a477e0981127!2sTanatorio+Alcorc%C3%B3n!8m2!3d40.352060699999996!4d-3.8405117!16s%2Fg%2F11ckvg1dmb!3m7!1s0xd418feafd30e731:0xe756a477e0981127!8m2!3d40.352060699999996!4d-3.8405117!9m1!1b1!16s%2Fg%2F11ckvg1dmb?entry=ttu",ChIJMecw_eqPQQ0RJxGY4HekVuc,"1,67E+19","-1,78E+18",tanatorio-alcorcon,Comunidad de Madrid,,0,1,"Accesibilidad: Acceso para sillas de ruedas: Sí, Aparcamiento adaptado para sillas de ruedas: Sí, Aseo adaptado para sillas de ruedas: Sí, Servicios: Aseos: Sí",,,,
Fune Mascotas Rivas-Vaciamadrid,,+34 919 93 12 27,https://funemascotas.com/madrid/incineracion-mascotas-rivas-vaciamadrid/,"C. Gonzalo Torrente Ballester, 16, 28521 Rivas-Vaciamadrid, Madrid","C. Gonzalo Torrente Ballester, 16",Rivas-Vaciamadrid,,Madrid,28521,40.3440169,-3.5238059,5,3,https://search.google.com/local/reviews?placeid=ChIJIev6YnI7Qg0ROQqSByGNWrQ&q=*&authuser=0&hl=es&gl=ES,"{""1"": 0, ""2"": 0, ""3"": 0, ""4"": 0, ""5"": 3}",0,0,0,0,3,https://streetviewpixels-pa.googleapis.com/v1/thumbnail?panoid=PMRZGgf_gwUPYEMX9gbILg&cb_client=search.gws-prod.gps&w=800&h=500&yaw=350.04147&pitch=0&thumbfov=100,https://lh3.googleusercontent.com/gps-cs-s/AG0ilSzCD0UQWntA0fImirvKjFZQiHF7Iw46HB9VDBhrXElYY80N_Rb9ngY8ebCEkpq2y9fFHxra-a7sHPfgLwbsTPQyTiXjDchix4jAR9lNDGeS8nZP0OIiMNtL5k7v3W6LbDljFvEYLQ=w1600-h1000-k-no,https://lh5.googleusercontent.com/-zU37NqsRvg4/AAAAAAAAAAI/AAAAAAAAAAA/h7aDf_9gOuI/s44-p-k-no-ns-nd/photo.jpg,OPERATIONAL,"{""lunes"": ""Abierto 24 horas"", ""martes"": ""Abierto 24 horas"", ""miércoles"": ""Abierto 24 horas"", ""jueves"": ""Abierto 24 horas"", ""viernes"": ""Abierto 24 horas"", ""sábado"": ""Abierto 24 horas"", ""domingo"": ""Abierto 24 horas""}",,,,,"{""Clientela"": {""Amigable con la comunidad LGTBI+"": true, ""Espacio seguro para personas transgénero"": true}, ""Other"": {""Amigable con la comunidad LGTBI+"": true}}",,1,"https://www.google.com/maps/place/Fune+Mascotas+Rivas-Vaciamadrid/@40.3440169,-3.5238058999999997,14z/data=!4m8!1m2!2m1!1sFune+Mascotas+Rivas-Vaciamadrid!3m4!1s0xd423b7262faeb21:0xb45a8d2107920a39!8m2!3d40.3440169!4d-3.5238058999999997","https://www.google.com/maps/place/Fune+Mascotas+Rivas-Vaciamadrid/@40.3440169,-3.5238058999999997,13.99z/data=!4m16!1m7!3m6!1s0xd423b7262faeb21:0xb45a8d2107920a39!2sFune+Mascotas+Rivas-Vaciamadrid!8m2!3d40.3440169!4d-3.5238058999999997!16s%2Fg%2F11ckvg1dmb!3m7!1s0xd423b7262faeb21:0xb45a8d2107920a39!8m2!3d40.3440169!4d-3.5238058999999997!9m1!1b1!16s%2Fg%2F11ckvg1dmb?entry=ttu",ChIJIev6YnI7Qg0ROQqSByGNWrQ,"1,30E+19","-5,45E+18",fune-mascotas-rivas-vaciamadrid,Comunidad de Madrid,,0,1,"Clientela: Amigable con la comunidad LGTBI+: Sí, Espacio seguro para personas transgénero: Sí, Other: Amigable con la comunidad LGTBI+: Sí",,,,
Fune Mascotas San Fernando de Henares - Incinerar perros y gatos,,+34 919 93 12 27,https://funemascotas.com/madrid/incineracion-mascotas-san-fernando-de-henares/,"C. de Pizarro, 1, 28830 San Fernando de Henares, Madrid","C. de Pizarro, 1",San Fernando de Henares,,Madrid,28830,40.4243199,-3.5328631,,,,,,,,,,https://streetviewpixels-pa.googleapis.com/v1/thumbnail?panoid=Lv2InitEIqJ3e_93f2uQUw&cb_client=search.gws-prod.gps&w=800&h=500&yaw=239.67752&pitch=0&thumbfov=100,https://lh3.googleusercontent.com/p/AF1QipMP3UVqPwPREqjCM4_QrGbsgdQKGXXMQbZflWSl=w1600-h1000-k-no,https://lh3.googleusercontent.com/-Ct_LrRmpmto/AAAAAAAAAAI/AAAAAAAAAAA/PJQdecu5h5k/s44-p-k-no-ns-nd/photo.jpg,OPERATIONAL,"{""lunes"": ""Abierto 24 horas"", ""martes"": ""Abierto 24 horas"", ""miércoles"": ""Abierto 24 horas"", ""jueves"": ""Abierto 24 horas"", ""viernes"": ""Abierto 24 horas"", ""sábado"": ""Abierto 24 horas"", ""domingo"": ""Abierto 24 horas""}",,,,,,,1,"https://www.google.com/maps/place/Fune+Mascotas+San+Fernando+de+Henares+-+Incinerar+perros+y+gatos/@40.4243199,-3.5328630999999997,14z/data=!4m8!1m2!2m1!1sFune+Mascotas+San+Fernando+de+Henares+-+Incinerar+perros+y+gatos!3m4!1s0xd42317026f0924f:0xcddafbb2bd394cfe!8m2!3d40.4243199!4d-3.5328630999999997","https://www.google.com/maps/place/Fune+Mascotas+San+Fernando+de+Henares+-+Incinerar+perros+y+gatos/@40.4243199,-3.5328630999999997,13.99z/data=!4m16!1m7!3m6!1s0xd42317026f0924f:0xcddafbb2bd394cfe!2sFune+Mascotas+San+Fernando+de+Henares+-+Incinerar+perros+y+gatos!8m2!3d40.4243199!4d-3.5328630999999997!16s%2Fg%2F11ckvg1dmb!3m7!1s0xd42317026f0924f:0xcddafbb2bd394cfe!8m2!3d40.4243199!4d-3.5328630999999997!9m1!1b1!16s%2Fg%2F11ckvg1dmb?entry=ttu",ChIJT5LwJnAxQg0R_kw5vbL72s0,"1,48E+19",,fune-mascotas-san-fernando-de-henares--incinerar-perros-y-gatos,Comunidad de Madrid,,0,1,,,,,
Fune Mascotas Vicálvaro,,+34 919 93 12 27,https://funemascotas.com/madrid/incineracion-mascotas-vicalvaro/,"C. del Molino Viejo, 115, Vicálvaro, 28032 Madrid","C. del Molino Viejo, 115",Madrid,Vicálvaro,Madrid,28032,40.395276,-3.6056493,,,,,,,,,,https://streetviewpixels-pa.googleapis.com/v1/thumbnail?panoid=yhPEvP354lw4TpEmaTWtYA&cb_client=search.gws-prod.gps&w=800&h=500&yaw=223.43562&pitch=0&thumbfov=100,https://lh3.googleusercontent.com/p/AF1QipPZdcn61QCEyZhIIXbBdyzuBkB9Yiy3RWWqc5id=w1600-h1000-k-no,https://lh3.googleusercontent.com/-DljxzUoTr3k/AAAAAAAAAAI/AAAAAAAAAAA/Z7CxFBkyGC4/s44-p-k-no-ns-nd/photo.jpg,OPERATIONAL,"{""lunes"": ""Abierto 24 horas"", ""martes"": ""Abierto 24 horas"", ""miércoles"": ""Abierto 24 horas"", ""jueves"": ""Abierto 24 horas"", ""viernes"": ""Abierto 24 horas"", ""sábado"": ""Abierto 24 horas"", ""domingo"": ""Abierto 24 horas""}",,,,,"{""Clientela"": {""Amigable con la comunidad LGTBI+"": true, ""Espacio seguro para personas transgénero"": true}, ""Other"": {""Amigable con la comunidad LGTBI+"": true}}",,1,"https://www.google.com/maps/place/Fune+Mascotas+Vic%C3%A1lvaro/@40.395275999999996,-3.6056493,14z/data=!4m8!1m2!2m1!1sFune+Mascotas+Vic%C3%A1lvaro!3m4!1s0xd4225892a0b6c49:0xff33af79c4709a89!8m2!3d40.395275999999996!4d-3.6056493","https://www.google.com/maps/place/Fune+Mascotas+Vic%C3%A1lvaro/@40.395275999999996,-3.6056493,13.99z/data=!4m16!1m7!3m6!1s0xd4225892a0b6c49:0xff33af79c4709a89!2sFune+Mascotas+Vic%C3%A1lvaro!8m2!3d40.395275999999996!4d-3.6056493!16s%2Fg%2F11ckvg1dmb!3m7!1s0xd4225892a0b6c49:0xff33af79c4709a89!8m2!3d40.395275999999996!4d-3.6056493!9m1!1b1!16s%2Fg%2F11ckvg1dmb?entry=ttu",ChIJSWwLKoklQg0RiZpwxHmvM_8,"1,84E+19",,fune-mascotas-vicalvaro,Comunidad de Madrid,,0,1,"Clientela: Amigable con la comunidad LGTBI+: Sí, Espacio seguro para personas transgénero: Sí, Other: Amigable con la comunidad LGTBI+: Sí",,,,
Everpet Crematorio de Mascotas S.L.,Servicio de cremación,+34 918 50 30 25,https://everpet.es/,"C. Husillo, 68, 28400 Collado Villalba, Madrid","C. Husillo, 68",Collado Villalba,,Madrid,28400,40.6273654,-4.016368,5,302,https://search.google.com/local/reviews?placeid=ChIJmxZ3OWh0QQ0RcFuFA6IhhCE&q=*&authuser=0&hl=es&gl=ES,"{""1"": 0, ""2"": 0, ""3"": 0, ""4"": 1, ""5"": 301}",0,0,0,1,301,https://lh3.googleusercontent.com/p/AF1QipNMGk7X-SwhZgmqylOsUt1-JqqXiV69MHOYzVMN=w800-h500-k-no,https://lh3.googleusercontent.com/p/AF1QipNMGk7X-SwhZgmqylOsUt1-JqqXiV69MHOYzVMN=w1600-h1000-k-no,https://lh5.googleusercontent.com/-X9urlvzdRBg/AAAAAAAAAAI/AAAAAAAAAAA/3kx3-rro_Tw/s44-p-k-no-ns-nd/photo.jpg,OPERATIONAL,"{""lunes"": ""Abierto 24 horas"", ""martes"": ""Abierto 24 horas"", ""miércoles"": ""Abierto 24 horas"", ""jueves"": ""Cerrado"", ""viernes"": ""Abierto 24 horas"", ""sábado"": ""Abierto 24 horas"", ""domingo"": ""Abierto 24 horas""}",,,http://everpet.es/contacto,,"{""Accesibilidad"": {""Acceso para sillas de ruedas"": true, ""Aparcamiento adaptado para sillas de ruedas"": true}, ""Clientela"": {""Amigable con la comunidad LGTBI+"": true, ""Espacio seguro para personas transgénero"": true}, ""Other"": {""Amigable con la comunidad LGTBI+"": true}}",,1,"https://www.google.com/maps/place/Everpet+Crematorio+de+Mascotas+S.L./@40.627365399999995,-4.016368,14z/data=!4m8!1m2!2m1!1sEverpet+Crematorio+de+Mascotas+S.L.!3m4!1s0xd4174683977169b:0x218421a203855b70!8m2!3d40.627365399999995!4d-4.016368","https://www.google.com/maps/place/Everpet+Crematorio+de+Mascotas+S.L./@40.627365399999995,-4.016368,13.99z/data=!4m16!1m7!3m6!1s0xd4174683977169b:0x218421a203855b70!2sEverpet+Crematorio+de+Mascotas+S.L.!8m2!3d40.627365399999995!4d-4.016368!16s%2Fg%2F11ckvg1dmb!3m7!1s0xd4174683977169b:0x218421a203855b70!8m2!3d40.627365399999995!4d-4.016368!9m1!1b1!16s%2Fg%2F11ckvg1dmb?entry=ttu",ChIJmxZ3OWh0QQ0RcFuFA6IhhCE,"2,42E+18","2,42E+18",everpet-crematorio-de-mascotas-sl,Comunidad de Madrid,,0,1,"Accesibilidad: Acceso para sillas de ruedas: Sí, Aparcamiento adaptado para sillas de ruedas: Sí, Clientela: Amigable con la comunidad LGTBI+: Sí, Espacio seguro para personas transgénero: Sí, Other: Amigable con la comunidad LGTBI+: Sí",,,,
Fune Mascotas Barajas,,+34 919 93 12 27,https://funemascotas.com/madrid/incineracion-mascotas-barajas/,"Av. de Logroño, 187, Barajas, 28042 Madrid","Av. de Logroño, 187",Madrid,Barajas,Madrid,28042,40.4611508,-3.5924772,1,1,https://search.google.com/local/reviews?placeid=ChIJ-ZrRFz8vQg0R4NnaQhPA-CU&q=*&authuser=0&hl=es&gl=ES,"{""1"": 1, ""2"": 0, ""3"": 0, ""4"": 0, ""5"": 0}",1,0,0,0,0,https://streetviewpixels-pa.googleapis.com/v1/thumbnail?panoid=kciIS8jWlV6qFS8bjCQKsg&cb_client=search.gws-prod.gps&w=800&h=500&yaw=307.26016&pitch=0&thumbfov=100,https://lh3.googleusercontent.com/gps-cs-s/AG0ilSxtHlYinhadZDagfAkFEygxLKH2uw4xgG1nWpxwnR7u29i8Yk_0uNwi3xdXtCpy7E-ZnzU40o3lGWjzTmtzyG5s6-qWdtfYnx1IHXnAqnJbr65ma1VtLjVwT0VAn-sO1WuX5Bu6=w1600-h1000-k-no,https://lh5.googleusercontent.com/-aJStOW4YL-0/AAAAAAAAAAI/AAAAAAAAAAA/Xda9R2q2Bo4/s44-p-k-no-ns-nd/photo.jpg,OPERATIONAL,"{""lunes"": ""Abierto 24 horas"", ""martes"": ""Abierto 24 horas"", ""miércoles"": ""Abierto 24 horas"", ""jueves"": ""Abierto 24 horas"", ""viernes"": ""Abierto 24 horas"", ""sábado"": ""Abierto 24 horas"", ""domingo"": ""Abierto 24 horas""}",,,,,,,1,"https://www.google.com/maps/place/Fune+Mascotas+Barajas/@40.4611508,-3.5924772,14z/data=!4m8!1m2!2m1!1sFune+Mascotas+Barajas!3m4!1s0xd422f3f17d19af9:0x25f8c01342dad9e0!8m2!3d40.4611508!4d-3.5924772","https://www.google.com/maps/place/Fune+Mascotas+Barajas/@40.4611508,-3.5924772,13.99z/data=!4m16!1m7!3m6!1s0xd422f3f17d19af9:0x25f8c01342dad9e0!2sFune+Mascotas+Barajas!8m2!3d40.4611508!4d-3.5924772!16s%2Fg%2F11ckvg1dmb!3m7!1s0xd422f3f17d19af9:0x25f8c01342dad9e0!8m2!3d40.4611508!4d-3.5924772!9m1!1b1!16s%2Fg%2F11ckvg1dmb?entry=ttu",ChIJ-ZrRFz8vQg0R4NnaQhPA-CU,"2,74E+18","2,74E+18",fune-mascotas-barajas,Comunidad de Madrid,,0,1,,,,,
Fune Mascotas Tres Cantos,,+34 919 93 12 27,https://funemascotas.com/madrid/incineracion-mascotas-tres-cantos/,"C. del Tagarral, 50, 28760 Tres Cantos, Madrid","C. del Tagarral, 50",Tres Cantos,,Madrid,28760,40.5957704,-3.7007309,,,,,,,,,,https://streetviewpixels-pa.googleapis.com/v1/thumbnail?panoid=PGbkHSuxcYvRS7wRGc4PQw&cb_client=search.gws-prod.gps&w=800&h=500&yaw=355.5801&pitch=0&thumbfov=100,https://lh3.googleusercontent.com/p/AF1QipO36dhpSA10bCkO1KYg0CxAd8YvHkdTAfnixk2Y=w1600-h1000-k-no,https://lh3.googleusercontent.com/-bvbSvfOngs8/AAAAAAAAAAI/AAAAAAAAAAA/9UiIucCfszg/s44-p-k-no-ns-nd/photo.jpg,OPERATIONAL,"{""lunes"": ""Abierto 24 horas"", ""martes"": ""Abierto 24 horas"", ""miércoles"": ""Abierto 24 horas"", ""jueves"": ""Abierto 24 horas"", ""viernes"": ""Abierto 24 horas"", ""sábado"": ""Abierto 24 horas"", ""domingo"": ""Abierto 24 horas""}",,,,,"{""Clientela"": {""Amigable con la comunidad LGTBI+"": true, ""Espacio seguro para personas transgénero"": true}, ""Other"": {""Amigable con la comunidad LGTBI+"": true}}",,1,"https://www.google.com/maps/place/Fune+Mascotas+Tres+Cantos/@40.5957704,-3.7007309,14z/data=!4m8!1m2!2m1!1sFune+Mascotas+Tres+Cantos!3m4!1s0xd43d5c06922c35d:0x28b0a9eb15cd4664!8m2!3d40.5957704!4d-3.7007309","https://www.google.com/maps/place/Fune+Mascotas+Tres+Cantos/@40.5957704,-3.7007309,13.99z/data=!4m16!1m7!3m6!1s0xd43d5c06922c35d:0x28b0a9eb15cd4664!2sFune+Mascotas+Tres+Cantos!8m2!3d40.5957704!4d-3.7007309!16s%2Fg%2F11ckvg1dmb!3m7!1s0xd43d5c06922c35d:0x28b0a9eb15cd4664!8m2!3d40.5957704!4d-3.7007309!9m1!1b1!16s%2Fg%2F11ckvg1dmb?entry=ttu",ChIJXcMiacDVQw0RZEbNFeupsCg,"2,93E+18",,fune-mascotas-tres-cantos,Comunidad de Madrid,,0,1,"Clientela: Amigable con la comunidad LGTBI+: Sí, Espacio seguro para personas transgénero: Sí, Other: Amigable con la comunidad LGTBI+: Sí",,,,
El Último Paseo,"Servicio de cremación, Cementerio de mascotas, Tienda de productos para mascotas",+34 633 05 45 97,http://elultimopaseo.com/,"C. de las Moreras, 10, 28350 Ciempozuelos, Madrid","C. de las Moreras, 10",Ciempozuelos,,Madrid,28350,40.1741632,-3.6366695,4.9,174,https://search.google.com/local/reviews?placeid=ChIJ4cQ73mMZQg0RpEYEzgkH0KQ&q=*&authuser=0&hl=es&gl=ES,"{""1"": 4, ""2"": 0, ""3"": 2, ""4"": 0, ""5"": 168}",4,0,2,0,168,https://lh3.googleusercontent.com/gps-cs-s/AG0ilSwLJCGlPkPjxWcKGocs5LNpt1IQaS5Q9oL9IoxDW9doVp9YiPL7UV_fEVj2sZa31lRosAFu8xL0Bq6m4NJO3FlJuuMekVOK9No0QzcdGI_M1XZVRBSLb566KmazS7nO3Yd3BAbq=w800-h500-k-no,https://lh3.googleusercontent.com/gps-cs-s/AG0ilSwLJCGlPkPjxWcKGocs5LNpt1IQaS5Q9oL9IoxDW9doVp9YiPL7UV_fEVj2sZa31lRosAFu8xL0Bq6m4NJO3FlJuuMekVOK9No0QzcdGI_M1XZVRBSLb566KmazS7nO3Yd3BAbq=w1600-h1000-k-no,https://lh5.googleusercontent.com/-4X-FagKF99M/AAAAAAAAAAI/AAAAAAAAAAA/Dt3Ba1tdbYY/s44-p-k-no-ns-nd/photo.jpg,OPERATIONAL,"{""lunes"": ""9:30-19:30"", ""martes"": ""9:30-19:30"", ""miércoles"": ""9:30-19:30"", ""jueves"": ""9:30-19:30"", ""viernes"": ""9:30-19:30"", ""sábado"": ""9:30-19:30"", ""domingo"": ""9:30-19:30""}",,,,,"{""Accesibilidad"": {""Acceso para sillas de ruedas"": true, ""Aparcamiento adaptado para sillas de ruedas"": true}}",,1,"https://www.google.com/maps/place/El+%C3%9Altimo+Paseo/@40.174163199999995,-3.6366695,14z/data=!4m8!1m2!2m1!1sEl+%C3%9Altimo+Paseo!3m4!1s0xd421963de3bc4e1:0xa4d00709ce0446a4!8m2!3d40.174163199999995!4d-3.6366695","https://www.google.com/maps/place/El+%C3%9Altimo+Paseo/@40.174163199999995,-3.6366695,13.99z/data=!4m16!1m7!3m6!1s0xd421963de3bc4e1:0xa4d00709ce0446a4!2sEl+%C3%9Altimo+Paseo!8m2!3d40.174163199999995!4d-3.6366695!16s%2Fg%2F11ckvg1dmb!3m7!1s0xd421963de3bc4e1:0xa4d00709ce0446a4!8m2!3d40.174163199999995!4d-3.6366695!9m1!1b1!16s%2Fg%2F11ckvg1dmb?entry=ttu",ChIJ4cQ73mMZQg0RpEYEzgkH0KQ,"1,19E+19","-6,57E+18",el-último-paseo,Comunidad de Madrid,,0,1,"Accesibilidad: Acceso para sillas de ruedas: Sí, Aparcamiento adaptado para sillas de ruedas: Sí",,,,
Tanatorio Semper Fidelis,Cementerio de mascotas,+34 673 57 45 56,http://www.tanatoriosemperfidelis.com/,"Camino Alameda, s/n, 45221 Esquivias, Toledo","Camino Alameda, s/n",Esquivias,,Toledo,45221,40.0835394,-3.7595249,4.9,178,https://search.google.com/local/reviews?placeid=ChIJgYsurXr5QQ0RYDlbfyMEUa8&q=*&authuser=0&hl=es&gl=ES,"{""1"": 5, ""2"": 0, ""3"": 1, ""4"": 0, ""5"": 172}",5,0,1,0,172,https://lh3.googleusercontent.com/gps-cs-s/AG0ilSxe0QP8WSxJh0j7WdrKUjNDKZ79e_lle5-LyU3e-onaWFUatm5AXRTraqnAT7JMpiBy_ulOFK7OmIYLNdkAd-RJKRNKfa-O3y-c0tg7MPkIgF5Il6Hpy45DnASChQlol-zpXVfmQQ=w800-h500-k-no,https://lh3.googleusercontent.com/gps-cs-s/AG0ilSxe0QP8WSxJh0j7WdrKUjNDKZ79e_lle5-LyU3e-onaWFUatm5AXRTraqnAT7JMpiBy_ulOFK7OmIYLNdkAd-RJKRNKfa-O3y-c0tg7MPkIgF5Il6Hpy45DnASChQlol-zpXVfmQQ=w1600-h1000-k-no,https://lh5.googleusercontent.com/-Xui04MTS0qU/AAAAAAAAAAI/AAAAAAAAAAA/2b_8d-L1g_M/s44-p-k-no-ns-nd/photo.jpg,OPERATIONAL,"{""lunes"": ""9:00-19:00"", ""martes"": ""9:00-19:00"", ""miércoles"": ""9:00-19:00"", ""jueves"": ""9:00-19:00"", ""viernes"": ""9:00-19:00"", ""sábado"": ""Abierto 24 horas"", ""domingo"": ""Abierto 24 horas""}",,,,,"{""Accesibilidad"": {""Acceso para sillas de ruedas"": true, ""Aparcamiento adaptado para sillas de ruedas"": true, ""Aseo adaptado para sillas de ruedas"": false, ""Asientos adaptados sillas de ruedas"": false}, ""Servicios"": {""Aseos unisex"": true}}",,1,"https://www.google.com/maps/place/Tanatorio+Semper+Fidelis/@40.0835394,-3.7595248999999997,14z/data=!4m8!1m2!2m1!1sTanatorio+Semper+Fidelis!3m4!1s0xd41f97aad2e8b81:0xaf5104237f5b3960!8m2!3d40.0835394!4d-3.7595248999999997","https://www.google.com/maps/place/Tanatorio+Semper+Fidelis/@40.0835394,-3.7595248999999997,13.99z/data=!4m16!1m7!3m6!1s0xd41f97aad2e8b81:0xaf5104237f5b3960!2sTanatorio+Semper+Fidelis!8m2!3d40.0835394!4d-3.7595248999999997!16s%2Fg%2F11ckvg1dmb!3m7!1s0xd41f97aad2e8b81:0xaf5104237f5b3960!8m2!3d40.0835394!4d-3.7595248999999997!9m1!1b1!16s%2Fg%2F11ckvg1dmb?entry=ttu",ChIJgYsurXr5QQ0RYDlbfyMEUa8,"1,26E+19","-5,81E+18",tanatorio-semper-fidelis,Castilla-La Mancha,,0,1,"Accesibilidad: Acceso para sillas de ruedas: Sí, Aparcamiento adaptado para sillas de ruedas: Sí, Aseo adaptado para sillas de ruedas: No, Asientos adaptados sillas de ruedas: No, Servicios: Aseos unisex: Sí",,,,
Tanatorio Crematorio Coslada - Funeraria Mémora Madrid,Funeraria,+34 914 90 67 10,https://www.memora.es/centros/tanatorio-crematorio-memora-coslada%3Futm_campaign%3Dgmb_gene_mem_es%26utm_medium%3Dorganic%26utm_source%3Dgoogle,"Carretera Poligono de las Mercedes, s/n, 28821 Coslada, Madrid","Carretera Poligono de las Mercedes, s/n",Coslada,,Madrid,28821,40.432254,-3.57765,3.3,282,https://search.google.com/local/reviews?placeid=ChIJ77hEnh4wQg0REhYGWzxfQX4&q=*&authuser=0&hl=es&gl=ES,"{""1"": 50, ""2"": 21, ""3"": 67, ""4"": 75, ""5"": 69}",50,21,67,75,69,https://lh3.googleusercontent.com/p/AF1QipNVlzeABqyPGtuaKLKp9Sfbu5MXuf8nAc6-_TVD=w800-h500-k-no,https://lh3.googleusercontent.com/p/AF1QipNVlzeABqyPGtuaKLKp9Sfbu5MXuf8nAc6-_TVD=w1600-h1000-k-no,https://lh6.googleusercontent.com/-e3BCQ5CpE9I/AAAAAAAAAAI/AAAAAAAAAAA/fJmwRv1xsGg/s44-p-k-no-ns-nd/photo.jpg,OPERATIONAL,"{""lunes"": ""Abierto 24 horas"", ""martes"": ""0:00-23:59"", ""miércoles"": ""Abierto 24 horas"", ""jueves"": ""0:00-23:59"", ""viernes"": ""Abierto 24 horas"", ""sábado"": ""Abierto 24 horas"", ""domingo"": ""Abierto 24 horas""}",,,https://www.memora.es/servicios-funerarios,,"{""Opciones de servicio"": {""Ofrece asistencia en otros idiomas"": true}, ""Accesibilidad"": {""Acceso para sillas de ruedas"": true, ""Aparcamiento adaptado para sillas de ruedas"": true}, ""Servicios"": {""Aseos unisex"": true}}",,1,"https://www.google.com/maps/place/Tanatorio+Crematorio+Coslada+-+Funeraria+M%C3%A9mora+Madrid/@40.432254,-3.5776499999999998,14z/data=!4m8!1m2!2m1!1sTanatorio+Crematorio+Coslada+-+Funeraria+M%C3%A9mora+Madrid!3m4!1s0xd42301e9e44b8ef:0x7e415f3c5b061612!8m2!3d40.432254!4d-3.5776499999999998","https://www.google.com/maps/place/Tanatorio+Crematorio+Coslada+-+Funeraria+M%C3%A9mora+Madrid/@40.432254,-3.5776499999999998,13.99z/data=!4m16!1m7!3m6!1s0xd42301e9e44b8ef:0x7e415f3c5b061612!2sTanatorio+Crematorio+Coslada+-+Funeraria+M%C3%A9mora+Madrid!8m2!3d40.432254!4d-3.5776499999999998!16s%2Fg%2F11ckvg1dmb!3m7!1s0xd42301e9e44b8ef:0x7e415f3c5b061612!8m2!3d40.432254!4d-3.5776499999999998!9m1!1b1!16s%2Fg%2F11ckvg1dmb?entry=ttu",ChIJ77hEnh4wQg0REhYGWzxfQX4,"9,10E+18","9,10E+18",tanatorio-crematorio-coslada--funeraria-memora-madrid,Comunidad de Madrid,,0,1,"Opciones de servicio: Ofrece asistencia en otros idiomas: Sí, Accesibilidad: Acceso para sillas de ruedas: Sí, Aparcamiento adaptado para sillas de ruedas: Sí, Servicios: Aseos unisex: Sí",,,,
El Último Parque,"Servicio de cremación, Cementerio de mascotas",+34 914 59 00 00,http://www.elultimoparque.com/,"Antigua Ctra. Valencia, Km. 30, 400, 28500 Arganda del Rey, Madrid","Antigua Ctra. Valencia, Km. 30, 400",Arganda del Rey,,Madrid,28500,40.279236,-3.421856,4.1,95,https://search.google.com/local/reviews?placeid=ChIJ21ZKLlsoQg0RgOySDeXNUZY&q=*&authuser=0&hl=es&gl=ES,"{""1"": 17, ""2"": 3, ""3"": 3, ""4"": 6, ""5"": 66}",17,3,3,6,66,https://lh3.googleusercontent.com/gps-cs-s/AG0ilSwBj-JE1e6KK05hRs1VbrfuvQQo5M3UqbCfdok46jAZ-2S5CH2abWihBnUMf6dscJDeite6s8LMA0StiVcJMYJYGleqTC1zGYJaCEONYraK5W833l6bQ6ihIxwXOTt1fR6Ur9Xrug=w800-h500-k-no,https://lh3.googleusercontent.com/gps-cs-s/AG0ilSwBj-JE1e6KK05hRs1VbrfuvQQo5M3UqbCfdok46jAZ-2S5CH2abWihBnUMf6dscJDeite6s8LMA0StiVcJMYJYGleqTC1zGYJaCEONYraK5W833l6bQ6ihIxwXOTt1fR6Ur9Xrug=w1600-h1000-k-no,https://lh4.googleusercontent.com/-E5A-HNnA1D0/AAAAAAAAAAI/AAAAAAAAAAA/zzHIcqN-Rds/s44-p-k-no-ns-nd/photo.jpg,OPERATIONAL,"{""lunes"": ""9:00-14:00"", ""martes"": ""Cerrado"", ""miércoles"": ""9:00-14:00"", ""jueves"": ""9:00-14:00"", ""viernes"": ""9:00-14:00"", ""sábado"": ""10:00-14:00"", ""domingo"": ""10:00-14:00""}",,,,,,,1,"https://www.google.com/maps/place/El+%C3%9Altimo+Parque/@40.279236,-3.421856,14z/data=!4m8!1m2!2m1!1sEl+%C3%9Altimo+Parque!3m4!1s0xd42285b2e4a56db:0x9651cde50d92ec80!8m2!3d40.279236!4d-3.421856","https://www.google.com/maps/place/El+%C3%9Altimo+Parque/@40.279236,-3.421856,13.99z/data=!4m16!1m7!3m6!1s0xd42285b2e4a56db:0x9651cde50d92ec80!2sEl+%C3%9Altimo+Parque!8m2!3d40.279236!4d-3.421856!16s%2Fg%2F11ckvg1dmb!3m7!1s0xd42285b2e4a56db:0x9651cde50d92ec80!8m2!3d40.279236!4d-3.421856!9m1!1b1!16s%2Fg%2F11ckvg1dmb?entry=ttu",ChIJ21ZKLlsoQg0RgOySDeXNUZY,"1,08E+19","-7,62E+18",el-último-parque,Comunidad de Madrid,,0,1,,,,,
Fune Mascotas Parla,,+34 919 93 12 27,https://funemascotas.com/madrid/incineracion-mascotas-parla/,"C. del Olvido, 8, 28982 Parla, Madrid","C. del Olvido, 8",Parla,,Madrid,28982,40.2373954,-3.7668423,,,,,,,,,,https://streetviewpixels-pa.googleapis.com/v1/thumbnail?panoid=0Ogcbs6YV2IpcSl-zfYmIg&cb_client=search.gws-prod.gps&w=800&h=500&yaw=104.365364&pitch=0&thumbfov=100,https://lh3.googleusercontent.com/p/AF1QipN3OjVzI4nZi99V_Y1WKXx8VpzBtDdlrNQjFPZb=w1600-h1000-k-no,https://lh6.googleusercontent.com/-VF8LVfWAl4Q/AAAAAAAAAAI/AAAAAAAAAAA/x3Ij4mwtEAM/s44-p-k-no-ns-nd/photo.jpg,OPERATIONAL,"{""lunes"": ""Abierto 24 horas"", ""martes"": ""Abierto 24 horas"", ""miércoles"": ""Abierto 24 horas"", ""jueves"": ""Abierto 24 horas"", ""viernes"": ""Abierto 24 horas"", ""sábado"": ""Abierto 24 horas"", ""domingo"": ""Abierto 24 horas""}",,,,,,,1,"https://www.google.com/maps/place/Fune+Mascotas+Parla/@40.2373954,-3.7668423,14z/data=!4m8!1m2!2m1!1sFune+Mascotas+Parla!3m4!1s0xd41f5b5ffc16503:0x8b34faf68eb2de0e!8m2!3d40.2373954!4d-3.7668423","https://www.google.com/maps/place/Fune+Mascotas+Parla/@40.2373954,-3.7668423,13.99z/data=!4m16!1m7!3m6!1s0xd41f5b5ffc16503:0x8b34faf68eb2de0e!2sFune+Mascotas+Parla!8m2!3d40.2373954!4d-3.7668423!16s%2Fg%2F11ckvg1dmb!3m7!1s0xd41f5b5ffc16503:0x8b34faf68eb2de0e!8m2!3d40.2373954!4d-3.7668423!9m1!1b1!16s%2Fg%2F11ckvg1dmb?entry=ttu",ChIJA2XB_7X1QQ0RDt6yjvb6NIs,"1,00E+19",,fune-mascotas-parla,Comunidad de Madrid,,0,1,,,,,
Fune Mascotas Torrelodones - Incinerar perros y gatos,,+34 919 93 12 27,https://funemascotas.com/madrid/incineracion-mascotas-torrelodones/,"C. José de Vicente Muñoz, 10, 28250 Torrelodones, Madrid","C. José de Vicente Muñoz, 10",Torrelodones,,Madrid,28250,40.5763551,-3.9282664,,,,,,,,,,https://streetviewpixels-pa.googleapis.com/v1/thumbnail?panoid=GWZi6cTbaG7Vd7XwJZgFTQ&cb_client=search.gws-prod.gps&w=800&h=500&yaw=159.46333&pitch=0&thumbfov=100,https://lh3.googleusercontent.com/p/AF1QipM8BI8XkYXc-W4YIMQqhHo8hXGiw5KOj9Q_dHhh=w1600-h1000-k-no,https://lh6.googleusercontent.com/-WKm_IIoN9gM/AAAAAAAAAAI/AAAAAAAAAAA/rQlhgC0LyGI/s44-p-k-no-ns-nd/photo.jpg,OPERATIONAL,"{""lunes"": ""Abierto 24 horas"", ""martes"": ""Abierto 24 horas"", ""miércoles"": ""Abierto 24 horas"", ""jueves"": ""Abierto 24 horas"", ""viernes"": ""Abierto 24 horas"", ""sábado"": ""Abierto 24 horas"", ""domingo"": ""Abierto 24 horas""}",,,,,"{""Clientela"": {""Amigable con la comunidad LGTBI+"": true, ""Espacio seguro para personas transgénero"": true}, ""Other"": {""Amigable con la comunidad LGTBI+"": true}}",,1,"https://www.google.com/maps/place/Fune+Mascotas+Torrelodones+-+Incinerar+perros+y+gatos/@40.5763551,-3.9282663999999996,14z/data=!4m8!1m2!2m1!1sFune+Mascotas+Torrelodones+-+Incinerar+perros+y+gatos!3m4!1s0xd4177c9d03884b5:0x30d0828c5c2ff753!8m2!3d40.5763551!4d-3.9282663999999996","https://www.google.com/maps/place/Fune+Mascotas+Torrelodones+-+Incinerar+perros+y+gatos/@40.5763551,-3.9282663999999996,13.99z/data=!4m16!1m7!3m6!1s0xd4177c9d03884b5:0x30d0828c5c2ff753!2sFune+Mascotas+Torrelodones+-+Incinerar+perros+y+gatos!8m2!3d40.5763551!4d-3.9282663999999996!16s%2Fg%2F11ckvg1dmb!3m7!1s0xd4177c9d03884b5:0x30d0828c5c2ff753!8m2!3d40.5763551!4d-3.9282663999999996!9m1!1b1!16s%2Fg%2F11ckvg1dmb?entry=ttu",ChIJtYQ40Ml3QQ0RU_cvXIyC0DA,"3,52E+18",,fune-mascotas-torrelodones--incinerar-perros-y-gatos,Comunidad de Madrid,,0,1,"Clientela: Amigable con la comunidad LGTBI+: Sí, Espacio seguro para personas transgénero: Sí, Other: Amigable con la comunidad LGTBI+: Sí",,,,
Incipet,Servicio de cremación,+34 696 98 47 02,https://www.incipetcrematorio.com/,"P.º del Alparrache, 35, 28600 Navalcarnero, Madrid","P.º del Alparrache, 35",Navalcarnero,,Madrid,28600,40.2916538,-3.9915995,4.9,36,https://search.google.com/local/reviews?placeid=ChIJtwSUx-uVQQ0Ro5OhVRUeF34&q=*&authuser=0&hl=es&gl=ES,"{""1"": 0, ""2"": 0, ""3"": 1, ""4"": 0, ""5"": 35}",0,0,1,0,35,https://lh3.googleusercontent.com/gps-cs-s/AG0ilSycMEwETuNg26YwmeY4FRxhC9lOIbqswiUSKuttBT_yN5YMpYkix7A4_yE-kEJUJAxu1Qy_NazuSaGTHoFpws00VvyjTft3AFTmm2YHeeDUc-oex_mzHgTI_tK7TQ0-i0pe12yP=w800-h500-k-no,https://lh3.googleusercontent.com/gps-cs-s/AG0ilSycMEwETuNg26YwmeY4FRxhC9lOIbqswiUSKuttBT_yN5YMpYkix7A4_yE-kEJUJAxu1Qy_NazuSaGTHoFpws00VvyjTft3AFTmm2YHeeDUc-oex_mzHgTI_tK7TQ0-i0pe12yP=w1600-h1000-k-no,https://lh3.googleusercontent.com/-5ljxcAtv7U4/AAAAAAAAAAI/AAAAAAAAAAA/cVN4LEbG1V8/s44-p-k-no-ns-nd/photo.jpg,OPERATIONAL,"{""lunes"": ""Abierto 24 horas"", ""martes"": ""Abierto 24 horas"", ""miércoles"": ""Abierto 24 horas"", ""jueves"": ""Abierto 24 horas"", ""viernes"": ""Abierto 24 horas"", ""sábado"": ""Abierto 24 horas"", ""domingo"": ""Abierto 24 horas""}",,,,,"{""Accesibilidad"": {""Acceso para sillas de ruedas"": true}}",,1,"https://www.google.com/maps/place/Incipet/@40.2916538,-3.9915995,14z/data=!4m8!1m2!2m1!1sIncipet!3m4!1s0xd4195ebc79404b7:0x7e171e1555a193a3!8m2!3d40.2916538!4d-3.9915995","https://www.google.com/maps/place/Incipet/@40.2916538,-3.9915995,13.99z/data=!4m16!1m7!3m6!1s0xd4195ebc79404b7:0x7e171e1555a193a3!2sIncipet!8m2!3d40.2916538!4d-3.9915995!16s%2Fg%2F11ckvg1dmb!3m7!1s0xd4195ebc79404b7:0x7e171e1555a193a3!8m2!3d40.2916538!4d-3.9915995!9m1!1b1!16s%2Fg%2F11ckvg1dmb?entry=ttu",ChIJtwSUx-uVQQ0Ro5OhVRUeF34,"9,09E+18","9,09E+18",incipet,Comunidad de Madrid,,0,1,Accesibilidad: Acceso para sillas de ruedas: Sí,,,,
Fune Mascotas Villanueva del Pardillo,,+34 919 93 12 27,https://funemascotas.com/madrid/incineracion-mascotas-villanueva-del-pardillo/,"C. Recaudación, 4, 28229 Villanueva del Pardillo, Madrid","C. Recaudación, 4",Villanueva del Pardillo,,Madrid,28229,40.4886515,-3.9632317,,,,,,,,,,https://streetviewpixels-pa.googleapis.com/v1/thumbnail?panoid=WQ2Dk8TBWj_88rR0TIRCqg&cb_client=search.gws-prod.gps&w=800&h=500&yaw=359.3816&pitch=0&thumbfov=100,https://lh3.googleusercontent.com/p/AF1QipMicHRUaEoKIlMG1v8s8gFG-QNce4l_a5IlxiTa=w1600-h1000-k-no,https://lh5.googleusercontent.com/-uOif4Q3h35I/AAAAAAAAAAI/AAAAAAAAAAA/0Cs3ytXqFLs/s44-p-k-no-ns-nd/photo.jpg,OPERATIONAL,"{""lunes"": ""Abierto 24 horas"", ""martes"": ""Abierto 24 horas"", ""miércoles"": ""Abierto 24 horas"", ""jueves"": ""Abierto 24 horas"", ""viernes"": ""Abierto 24 horas"", ""sábado"": ""Abierto 24 horas"", ""domingo"": ""Abierto 24 horas""}",,,,,"{""Clientela"": {""Amigable con la comunidad LGTBI+"": true, ""Espacio seguro para personas transgénero"": true}, ""Other"": {""Amigable con la comunidad LGTBI+"": true}}",,1,"https://www.google.com/maps/place/Fune+Mascotas+Villanueva+del+Pardillo/@40.488651499999996,-3.9632316999999997,14z/data=!4m8!1m2!2m1!1sFune+Mascotas+Villanueva+del+Pardillo!3m4!1s0xd419d647923e2b3:0x43fb8493b52b2102!8m2!3d40.488651499999996!4d-3.9632316999999997","https://www.google.com/maps/place/Fune+Mascotas+Villanueva+del+Pardillo/@40.488651499999996,-3.9632316999999997,13.99z/data=!4m16!1m7!3m6!1s0xd419d647923e2b3:0x43fb8493b52b2102!2sFune+Mascotas+Villanueva+del+Pardillo!8m2!3d40.488651499999996!4d-3.9632316999999997!16s%2Fg%2F11ckvg1dmb!3m7!1s0xd419d647923e2b3:0x43fb8493b52b2102!8m2!3d40.488651499999996!4d-3.9632316999999997!9m1!1b1!16s%2Fg%2F11ckvg1dmb?entry=ttu",ChIJs-IjeWSdQQ0RAiErtZOE-0M,"4,90E+18",,fune-mascotas-villanueva-del-pardillo,Comunidad de Madrid,,0,1,"Clientela: Amigable con la comunidad LGTBI+: Sí, Espacio seguro para personas transgénero: Sí, Other: Amigable con la comunidad LGTBI+: Sí",,,,
Fune Mascotas Torrejón de Ardoz,,+34 919 93 12 27,https://funemascotas.com/madrid/incineracion-mascotas-torrejon-de-ardoz/,"C. Soledad, 25, 28850 Torrejón de Ardoz, Madrid","C. Soledad, 25",Torrejón de Ardoz,,Madrid,28850,40.458445,-3.4773412,,,,,,,,,,https://streetviewpixels-pa.googleapis.com/v1/thumbnail?panoid=Pi_ciX8E6S8j-DshvMjX2g&cb_client=search.gws-prod.gps&w=800&h=500&yaw=25.896286&pitch=0&thumbfov=100,https://lh3.googleusercontent.com/p/AF1QipPai-uAHffYNQvuwwia9zr4uxJ68urOmKAI4aBV=w1600-h1000-k-no,https://lh5.googleusercontent.com/-j2ce_p6y2XE/AAAAAAAAAAI/AAAAAAAAAAA/aNtd7f0p4u8/s44-p-k-no-ns-nd/photo.jpg,OPERATIONAL,"{""lunes"": ""Abierto 24 horas"", ""martes"": ""Abierto 24 horas"", ""miércoles"": ""Abierto 24 horas"", ""jueves"": ""Abierto 24 horas"", ""viernes"": ""Abierto 24 horas"", ""sábado"": ""Abierto 24 horas"", ""domingo"": ""Abierto 24 horas""}",,,,,"{""Clientela"": {""Amigable con la comunidad LGTBI+"": true, ""Espacio seguro para personas transgénero"": true}, ""Other"": {""Amigable con la comunidad LGTBI+"": true}}",,1,"https://www.google.com/maps/place/Fune+Mascotas+Torrej%C3%B3n+de+Ardoz/@40.458445,-3.4773411999999997,14z/data=!4m8!1m2!2m1!1sFune+Mascotas+Torrej%C3%B3n+de+Ardoz!3m4!1s0xd4237af6df0d451:0xc09f4e6745d60d62!8m2!3d40.458445!4d-3.4773411999999997","https://www.google.com/maps/place/Fune+Mascotas+Torrej%C3%B3n+de+Ardoz/@40.458445,-3.4773411999999997,13.99z/data=!4m16!1m7!3m6!1s0xd4237af6df0d451:0xc09f4e6745d60d62!2sFune+Mascotas+Torrej%C3%B3n+de+Ardoz!8m2!3d40.458445!4d-3.4773411999999997!16s%2Fg%2F11ckvg1dmb!3m7!1s0xd4237af6df0d451:0xc09f4e6745d60d62!8m2!3d40.458445!4d-3.4773411999999997!9m1!1b1!16s%2Fg%2F11ckvg1dmb?entry=ttu",ChIJUdTwba83Qg0RYg3WRWdOn8A,"1,39E+19",,fune-mascotas-torrejon-de-ardoz,Comunidad de Madrid,,0,1,"Clientela: Amigable con la comunidad LGTBI+: Sí, Espacio seguro para personas transgénero: Sí, Other: Amigable con la comunidad LGTBI+: Sí",,,,
Fune Mascotas Villaviciosa de Odón - Incineración de perros y gatos,,+34 919 93 12 27,https://funemascotas.com/madrid/incineracion-mascotas-villaviciosa-odon/,"C. Fuentecilla, 41, 28670 Villaviciosa de Odón, Madrid","C. Fuentecilla, 41",Villaviciosa de Odón,,Madrid,28670,40.3557067,-3.9078265,,,,,,,,,,https://streetviewpixels-pa.googleapis.com/v1/thumbnail?panoid=zHuT_9mbOBCP1eEfHFbZGg&cb_client=search.gws-prod.gps&w=800&h=500&yaw=143.09227&pitch=0&thumbfov=100,https://lh3.googleusercontent.com/p/AF1QipM1rWWeFj9QZPxJsdW3fnl6LLIPUfkydFDqepSe=w1600-h1000-k-no,https://lh6.googleusercontent.com/-3HpirQvcBIU/AAAAAAAAAAI/AAAAAAAAAAA/ANVMDlV1zJs/s44-p-k-no-ns-nd/photo.jpg,OPERATIONAL,"{""lunes"": ""Abierto 24 horas"", ""martes"": ""Abierto 24 horas"", ""miércoles"": ""Abierto 24 horas"", ""jueves"": ""Abierto 24 horas"", ""viernes"": ""Abierto 24 horas"", ""sábado"": ""Abierto 24 horas"", ""domingo"": ""Abierto 24 horas""}",,,,,"{""Clientela"": {""Amigable con la comunidad LGTBI+"": true, ""Espacio seguro para personas transgénero"": true}, ""Other"": {""Amigable con la comunidad LGTBI+"": true}}",,1,"https://www.google.com/maps/place/Fune+Mascotas+Villaviciosa+de+Od%C3%B3n+-+Incineraci%C3%B3n+de+perros+y+gatos/@40.3557067,-3.9078264999999996,14z/data=!4m8!1m2!2m1!1sFune+Mascotas+Villaviciosa+de+Od%C3%B3n+-+Incineraci%C3%B3n+de+perros+y+gatos!3m4!1s0xd4191e56580380b:0x7509af8a98965fe6!8m2!3d40.3557067!4d-3.9078264999999996","https://www.google.com/maps/place/Fune+Mascotas+Villaviciosa+de+Od%C3%B3n+-+Incineraci%C3%B3n+de+perros+y+gatos/@40.3557067,-3.9078264999999996,13.99z/data=!4m16!1m7!3m6!1s0xd4191e56580380b:0x7509af8a98965fe6!2sFune+Mascotas+Villaviciosa+de+Od%C3%B3n+-+Incineraci%C3%B3n+de+perros+y+gatos!8m2!3d40.3557067!4d-3.9078264999999996!16s%2Fg%2F11ckvg1dmb!3m7!1s0xd4191e56580380b:0x7509af8a98965fe6!8m2!3d40.3557067!4d-3.9078264999999996!9m1!1b1!16s%2Fg%2F11ckvg1dmb?entry=ttu",ChIJCziAZeWRQQ0R5l-WmIqvCXU,"8,43E+18",,fune-mascotas-villaviciosa-de-odon--incineracion-de-perros-y-gatos,Comunidad de Madrid,,0,1,"Clientela: Amigable con la comunidad LGTBI+: Sí, Espacio seguro para personas transgénero: Sí, Other: Amigable con la comunidad LGTBI+: Sí",,,,
Fune Mascotas Brunete,,+34 919 93 12 27,https://funemascotas.com/madrid/incineracion-mascotas-brunete/,"C. Real de San Sebastián, 20, 28690 Brunete, Madrid","C. Real de San Sebastián, 20",Brunete,,Madrid,28690,40.401878,-3.9965746,,,,,,,,,,https://streetviewpixels-pa.googleapis.com/v1/thumbnail?panoid=SdzRqS2QQNpOMKlsJiGy7Q&cb_client=search.gws-prod.gps&w=800&h=500&yaw=277.43457&pitch=0&thumbfov=100,https://lh3.googleusercontent.com/p/AF1QipOaqLy74TJU3Xs_wFqQf53J8oIz5KwFn90gSUI7=w1600-h1000-k-no,https://lh3.googleusercontent.com/-Hig0M_znBfg/AAAAAAAAAAI/AAAAAAAAAAA/hKbboR7rl94/s44-p-k-no-ns-nd/photo.jpg,OPERATIONAL,"{""lunes"": ""Abierto 24 horas"", ""martes"": ""Abierto 24 horas"", ""miércoles"": ""Abierto 24 horas"", ""jueves"": ""Abierto 24 horas"", ""viernes"": ""Abierto 24 horas"", ""sábado"": ""Abierto 24 horas"", ""domingo"": ""Abierto 24 horas""}",,,,,,,1,"https://www.google.com/maps/place/Fune+Mascotas+Brunete/@40.401877999999996,-3.9965745999999998,14z/data=!4m8!1m2!2m1!1sFune+Mascotas+Brunete!3m4!1s0xd419742dced89f3:0xb12327a27a9e16fb!8m2!3d40.401877999999996!4d-3.9965745999999998","https://www.google.com/maps/place/Fune+Mascotas+Brunete/@40.401877999999996,-3.9965745999999998,13.99z/data=!4m16!1m7!3m6!1s0xd419742dced89f3:0xb12327a27a9e16fb!2sFune+Mascotas+Brunete!8m2!3d40.401877999999996!4d-3.9965745999999998!16s%2Fg%2F11ckvg1dmb!3m7!1s0xd419742dced89f3:0xb12327a27a9e16fb!8m2!3d40.401877999999996!4d-3.9965745999999998!9m1!1b1!16s%2Fg%2F11ckvg1dmb?entry=ttu",ChIJ84nt3EKXQQ0R-xaeeqInI7E,"1,28E+19",,fune-mascotas-brunete,Comunidad de Madrid,,0,1,,,,,
Fune Mascotas Colmenar Viejo,,+34 919 93 12 27,https://funemascotas.com/madrid/incineracion-mascotas-colmenar-viejo/,"C. de los Frailes, 2, 28770 Colmenar Viejo, Madrid","C. de los Frailes, 2",Colmenar Viejo,,Madrid,28770,40.6599416,-3.7687793,,,,,,,,,,https://streetviewpixels-pa.googleapis.com/v1/thumbnail?panoid=t8eW5JWusttJmgqXx88PxA&cb_client=search.gws-prod.gps&w=800&h=500&yaw=40.899506&pitch=0&thumbfov=100,https://lh3.googleusercontent.com/p/AF1QipNJi4jFy1AykBj6vu2quPXeSCQaWBNZKQ8dLiGq=w1600-h1000-k-no,https://lh4.googleusercontent.com/-6N6ofqT7qHg/AAAAAAAAAAI/AAAAAAAAAAA/xMKA4ZAu-UE/s44-p-k-no-ns-nd/photo.jpg,OPERATIONAL,"{""lunes"": ""Abierto 24 horas"", ""martes"": ""Abierto 24 horas"", ""miércoles"": ""Abierto 24 horas"", ""jueves"": ""Abierto 24 horas"", ""viernes"": ""Abierto 24 horas"", ""sábado"": ""Abierto 24 horas"", ""domingo"": ""Abierto 24 horas""}",,,,,,,1,"https://www.google.com/maps/place/Fune+Mascotas+Colmenar+Viejo/@40.659941599999996,-3.7687793,14z/data=!4m8!1m2!2m1!1sFune+Mascotas+Colmenar+Viejo!3m4!1s0xd417d648d46cbd1:0x4e9f3582c4756a5b!8m2!3d40.659941599999996!4d-3.7687793","https://www.google.com/maps/place/Fune+Mascotas+Colmenar+Viejo/@40.659941599999996,-3.7687793,13.99z/data=!4m16!1m7!3m6!1s0xd417d648d46cbd1:0x4e9f3582c4756a5b!2sFune+Mascotas+Colmenar+Viejo!8m2!3d40.659941599999996!4d-3.7687793!16s%2Fg%2F11ckvg1dmb!3m7!1s0xd417d648d46cbd1:0x4e9f3582c4756a5b!8m2!3d40.659941599999996!4d-3.7687793!9m1!1b1!16s%2Fg%2F11ckvg1dmb?entry=ttu",ChIJ0ctGjWR9QQ0RW2p1xII1n04,"5,67E+18",,fune-mascotas-colmenar-viejo,Comunidad de Madrid,,0,1,,,,,
Eternal Servicios Funerarios Para Mascotas,Servicio de cremación,+34 624 40 01 95,https://www.tanatorioeternal.com/,"C. Oficios, 44, 45529 Yuncler, Toledo","C. Oficios, 44",Yuncler,,Toledo,45529,40.0454867,-3.9185682,4.9,153,https://search.google.com/local/reviews?placeid=ChIJJQYmz-3lQQ0RdgoeNJkHHUg&q=*&authuser=0&hl=es&gl=ES,"{""1"": 1, ""2"": 0, ""3"": 1, ""4"": 4, ""5"": 147}",1,0,1,4,147,https://lh3.googleusercontent.com/gps-cs-s/AG0ilSwhR91uh9KDIhuTsv8BvNPdmFclPSssEWXRMuwIPyOGmdJ3gI9uIjb_DR00PfrTutdT05Bw8V2GAds-Rg_8fz5b_smbvp094Lzbcdf8b5e54iIhrHInehV5hl1MdWheZVtCRF-6SA=w800-h500-k-no,https://lh3.googleusercontent.com/gps-cs-s/AG0ilSwhR91uh9KDIhuTsv8BvNPdmFclPSssEWXRMuwIPyOGmdJ3gI9uIjb_DR00PfrTutdT05Bw8V2GAds-Rg_8fz5b_smbvp094Lzbcdf8b5e54iIhrHInehV5hl1MdWheZVtCRF-6SA=w1600-h1000-k-no,https://lh6.googleusercontent.com/-k2dNwZSlGCA/AAAAAAAAAAI/AAAAAAAAAAA/1PIEZexOOB8/s44-p-k-no-ns-nd/photo.jpg,OPERATIONAL,"{""lunes"": ""9:00-19:00"", ""martes"": ""9:00-19:00"", ""miércoles"": ""9:00-19:00"", ""jueves"": ""9:00-19:00"", ""viernes"": ""9:00-19:00"", ""sábado"": ""9:00-14:00"", ""domingo"": ""Cerrado""}",,,,,"{""Accesibilidad"": {""Acceso para sillas de ruedas"": true, ""Aparcamiento adaptado para sillas de ruedas"": true}}",,1,"https://www.google.com/maps/place/Eternal+Servicios+Funerarios+Para+Mascotas/@40.0454867,-3.9185681999999997,14z/data=!4m8!1m2!2m1!1sEternal+Servicios+Funerarios+Para+Mascotas!3m4!1s0xd41e5edcf260625:0x481d0799341e0a76!8m2!3d40.0454867!4d-3.9185681999999997","https://www.google.com/maps/place/Eternal+Servicios+Funerarios+Para+Mascotas/@40.0454867,-3.9185681999999997,13.99z/data=!4m16!1m7!3m6!1s0xd41e5edcf260625:0x481d0799341e0a76!2sEternal+Servicios+Funerarios+Para+Mascotas!8m2!3d40.0454867!4d-3.9185681999999997!16s%2Fg%2F11ckvg1dmb!3m7!1s0xd41e5edcf260625:0x481d0799341e0a76!8m2!3d40.0454867!4d-3.9185681999999997!9m1!1b1!16s%2Fg%2F11ckvg1dmb?entry=ttu",ChIJJQYmz-3lQQ0RdgoeNJkHHUg,"5,20E+18","5,20E+18",eternal-servicios-funerarios-para-mascotas,Castilla-La Mancha,,0,1,"Accesibilidad: Acceso para sillas de ruedas: Sí, Aparcamiento adaptado para sillas de ruedas: Sí",,,,
Fune Mascotas Villanueva de la Cañada,,+34 919 93 12 27,https://funemascotas.com/madrid/incineracion-mascotas-villanueva-de-la-canada/,"C. Comadre, 5, 28691 Villanueva de la Cañada, Madrid","C. Comadre, 5",Villanueva de la Cañada,,Madrid,28691,40.4469439,-4.0043676,,,,,,,,,,https://streetviewpixels-pa.googleapis.com/v1/thumbnail?panoid=eFpbIzQQPiN41F1_a5DTXg&cb_client=search.gws-prod.gps&w=800&h=500&yaw=267.85568&pitch=0&thumbfov=100,https://lh3.googleusercontent.com/p/AF1QipOH9deSDnEwUGADb2nwbSE5DqEeRnoaiaiGoTC5=w1600-h1000-k-no,https://lh6.googleusercontent.com/-L9MnnKITsHs/AAAAAAAAAAI/AAAAAAAAAAA/q_F-UrPXac0/s44-p-k-no-ns-nd/photo.jpg,OPERATIONAL,"{""lunes"": ""Abierto 24 horas"", ""martes"": ""Abierto 24 horas"", ""miércoles"": ""Abierto 24 horas"", ""jueves"": ""Abierto 24 horas"", ""viernes"": ""Abierto 24 horas"", ""sábado"": ""Abierto 24 horas"", ""domingo"": ""Abierto 24 horas""}",,,,,"{""Clientela"": {""Amigable con la comunidad LGTBI+"": true, ""Espacio seguro para personas transgénero"": true}, ""Other"": {""Amigable con la comunidad LGTBI+"": true}}",,1,"https://www.google.com/maps/place/Fune+Mascotas+Villanueva+de+la+Ca%C3%B1ada/@40.4469439,-4.0043676,14z/data=!4m8!1m2!2m1!1sFune+Mascotas+Villanueva+de+la+Ca%C3%B1ada!3m4!1s0xd4199fb15f9b28f:0x7e604c8c2ca6bec1!8m2!3d40.4469439!4d-4.0043676","https://www.google.com/maps/place/Fune+Mascotas+Villanueva+de+la+Ca%C3%B1ada/@40.4469439,-4.0043676,13.99z/data=!4m16!1m7!3m6!1s0xd4199fb15f9b28f:0x7e604c8c2ca6bec1!2sFune+Mascotas+Villanueva+de+la+Ca%C3%B1ada!8m2!3d40.4469439!4d-4.0043676!16s%2Fg%2F11ckvg1dmb!3m7!1s0xd4199fb15f9b28f:0x7e604c8c2ca6bec1!8m2!3d40.4469439!4d-4.0043676!9m1!1b1!16s%2Fg%2F11ckvg1dmb?entry=ttu",ChIJj7L5FfuZQQ0Rwb6mLIxMYH4,"9,11E+18",,fune-mascotas-villanueva-de-la-canada,Comunidad de Madrid,,0,1,"Clientela: Amigable con la comunidad LGTBI+: Sí, Espacio seguro para personas transgénero: Sí, Other: Amigable con la comunidad LGTBI+: Sí",,,,
Cremaguada Crematorio de Mascotas,,+34 689 04 21 81,https://www.cremaguada.com/,"Calle Francisco de Medina y Mendoza, 41, P.I, 2, PARCELA 19 NAVE 3, 19171 Cabanillas del Campo, Guadalajara","Calle Francisco de Medina y Mendoza, 41, P.I, 2, PARCELA 19 NAVE 3",Cabanillas del Campo,,Guadalajara,19171,40.6084707,-3.2137093,5,171,https://search.google.com/local/reviews?placeid=ChIJ-bkZ_ZmtQw0RIDTAS680uAU&q=*&authuser=0&hl=es&gl=ES,"{""1"": 0, ""2"": 0, ""3"": 0, ""4"": 0, ""5"": 171}",0,0,0,0,171,https://lh3.googleusercontent.com/p/AF1QipOrpYPS1bKg125pIzmStfJhqR20QYeFN3aOvl9e=w800-h500-k-no,https://lh3.googleusercontent.com/p/AF1QipOrpYPS1bKg125pIzmStfJhqR20QYeFN3aOvl9e=w1600-h1000-k-no,https://lh6.googleusercontent.com/-H1S4-rphaXA/AAAAAAAAAAI/AAAAAAAAAAA/EbVsY5_UyN4/s44-p-k-no-ns-nd/photo.jpg,OPERATIONAL,"{""lunes"": ""Abierto 24 horas"", ""martes"": ""Abierto 24 horas"", ""miércoles"": ""Abierto 24 horas"", ""jueves"": ""Abierto 24 horas"", ""viernes"": ""Abierto 24 horas"", ""sábado"": ""Abierto 24 horas"", ""domingo"": ""Abierto 24 horas""}",,,,,"{""Opciones de servicio"": {""Ofrece asistencia en otros idiomas"": true}, ""Accesibilidad"": {""Acceso para sillas de ruedas"": true, ""Aseo adaptado para sillas de ruedas"": true, ""Asientos adaptados sillas de ruedas"": true}, ""Servicios"": {""Aseos unisex"": true}, ""Clientela"": {""Amigable con la comunidad LGTBI+"": true, ""Espacio seguro para personas transgénero"": true}, ""Other"": {""Amigable con la comunidad LGTBI+"": true}}",,1,"https://www.google.com/maps/place/Cremaguada+Crematorio+de+Mascotas/@40.6084707,-3.2137092999999997,14z/data=!4m8!1m2!2m1!1sCremaguada+Crematorio+de+Mascotas!3m4!1s0xd43ad99fd19b9f9:0x5b834af4bc03420!8m2!3d40.6084707!4d-3.2137092999999997","https://www.google.com/maps/place/Cremaguada+Crematorio+de+Mascotas/@40.6084707,-3.2137092999999997,13.99z/data=!4m16!1m7!3m6!1s0xd43ad99fd19b9f9:0x5b834af4bc03420!2sCremaguada+Crematorio+de+Mascotas!8m2!3d40.6084707!4d-3.2137092999999997!16s%2Fg%2F11ckvg1dmb!3m7!1s0xd43ad99fd19b9f9:0x5b834af4bc03420!8m2!3d40.6084707!4d-3.2137092999999997!9m1!1b1!16s%2Fg%2F11ckvg1dmb?entry=ttu",ChIJ-bkZ_ZmtQw0RIDTAS680uAU,"4,12E+17","4,12E+17",cremaguada-crematorio-de-mascotas,Castilla-La Mancha,,0,1,"Opciones de servicio: Ofrece asistencia en otros idiomas: Sí, Accesibilidad: Acceso para sillas de ruedas: Sí, Aseo adaptado para sillas de ruedas: Sí, Asientos adaptados sillas de ruedas: Sí, Servicios: Aseos unisex: Sí, Clientela: Amigable con la comunidad LGTBI+: Sí, Espacio seguro para personas transgénero: Sí, Other: Amigable con la comunidad LGTBI+: Sí",,,,
Cementerio de Animales “El Recuerdo”,Cementerio de mascotas,+34 611 68 27 52,http://www.cementerioanimaleselrecuerdo.es/,"Polígono Las Azuelas, 18, parcela 35, 45314 Ciruelos, Toledo","Polígono Las Azuelas, 18, parcela 35",Ciruelos,,Toledo,45314,39.9464711,-3.631198,5,34,https://search.google.com/local/reviews?placeid=ChIJwfKrHe4HQg0R9SaQ75yr9_o&q=*&authuser=0&hl=es&gl=ES,"{""1"": 0, ""2"": 0, ""3"": 0, ""4"": 0, ""5"": 34}",0,0,0,0,34,https://lh3.googleusercontent.com/p/AF1QipNLeNzXxGXnTgkiBAGasGRju583L5Lhtf1ICM8-=w800-h500-k-no,https://lh3.googleusercontent.com/p/AF1QipNLeNzXxGXnTgkiBAGasGRju583L5Lhtf1ICM8-=w1600-h1000-k-no,https://lh6.googleusercontent.com/-EH5yzC98N3Q/AAAAAAAAAAI/AAAAAAAAAAA/oU78OWlSf9k/s44-p-k-no-ns-nd/photo.jpg,OPERATIONAL,"{""lunes"": ""Abierto 24 horas"", ""martes"": ""Abierto 24 horas"", ""miércoles"": ""Abierto 24 horas"", ""jueves"": ""Abierto 24 horas"", ""viernes"": ""Abierto 24 horas"", ""sábado"": ""Abierto 24 horas"", ""domingo"": ""Abierto 24 horas""}",,,,,,,1,"https://www.google.com/maps/place/Cementerio+de+Animales+%E2%80%9CEl+Recuerdo%E2%80%9D/@39.9464711,-3.631198,14z/data=!4m8!1m2!2m1!1sCementerio+de+Animales+%E2%80%9CEl+Recuerdo%E2%80%9D!3m4!1s0xd4207ee1dabf2c1:0xfaf7ab9cef9026f5!8m2!3d39.9464711!4d-3.631198","https://www.google.com/maps/place/Cementerio+de+Animales+%E2%80%9CEl+Recuerdo%E2%80%9D/@39.9464711,-3.631198,13.99z/data=!4m16!1m7!3m6!1s0xd4207ee1dabf2c1:0xfaf7ab9cef9026f5!2sCementerio+de+Animales+%E2%80%9CEl+Recuerdo%E2%80%9D!8m2!3d39.9464711!4d-3.631198!16s%2Fg%2F11ckvg1dmb!3m7!1s0xd4207ee1dabf2c1:0xfaf7ab9cef9026f5!8m2!3d39.9464711!4d-3.631198!9m1!1b1!16s%2Fg%2F11ckvg1dmb?entry=ttu",ChIJwfKrHe4HQg0R9SaQ75yr9_o,"1,81E+19","-3,63E+17",cementerio-de-animales-“el-recuerdo”,Castilla-La Mancha,,0,1,,,,,
Incivet Tanatorio Crematorio de Mascotas,,+34 913 18 69 93,http://www.incivet.es/,"C. Marqués de Villanueva de la Sagra, 49, 28694 Chapinería, Madrid","C. Marqués de Villanueva de la Sagra, 49",Chapinería,,Madrid,28694,40.3798604,-4.2186172,4.8,242,https://search.google.com/local/reviews?placeid=ChIJxciWST67QQ0Rgb7JAxqWWWU&q=*&authuser=0&hl=es&gl=ES,"{""1"": 9, ""2"": 2, ""3"": 2, ""4"": 3, ""5"": 226}",9,2,2,3,226,https://lh3.googleusercontent.com/gps-cs-s/AG0ilSwQNqX1WQ6DmShF9rYuEJv9TW-Rw9D9o9AAE652OkWK3wLpVpArBa08i-O7anaFhGU3F0ox7DXwh9LtB2g_pyD4mumWDRtGIsz67cstWaPchAnfmmgwsfd4FymkaC3EIEgChkpgHxysO31v=w800-h500-k-no,https://lh3.googleusercontent.com/gps-cs-s/AG0ilSwQNqX1WQ6DmShF9rYuEJv9TW-Rw9D9o9AAE652OkWK3wLpVpArBa08i-O7anaFhGU3F0ox7DXwh9LtB2g_pyD4mumWDRtGIsz67cstWaPchAnfmmgwsfd4FymkaC3EIEgChkpgHxysO31v=w1600-h1000-k-no,https://lh6.googleusercontent.com/-AWaCNKHtPn8/AAAAAAAAAAI/AAAAAAAAAAA/hmzCga58TAc/s44-p-k-no-ns-nd/photo.jpg,OPERATIONAL,"{""lunes"": ""8:00-21:00"", ""martes"": ""8:00-21:00"", ""miércoles"": ""8:00-21:00"", ""jueves"": ""8:00-21:00"", ""viernes"": ""8:00-21:00"", ""sábado"": ""8:00-15:00"", ""domingo"": ""Cerrado""}",,,,,"{""Accesibilidad"": {""Acceso para sillas de ruedas"": true, ""Aseo adaptado para sillas de ruedas"": true}, ""Servicios"": {""Aseos unisex"": true}}",,1,"https://www.google.com/maps/place/Incivet+Tanatorio+Crematorio+de+Mascotas/@40.3798604,-4.2186172,14z/data=!4m8!1m2!2m1!1sIncivet+Tanatorio+Crematorio+de+Mascotas!3m4!1s0xd41bb3e4996c8c5:0x6559961a03c9be81!8m2!3d40.3798604!4d-4.2186172","https://www.google.com/maps/place/Incivet+Tanatorio+Crematorio+de+Mascotas/@40.3798604,-4.2186172,13.99z/data=!4m16!1m7!3m6!1s0xd41bb3e4996c8c5:0x6559961a03c9be81!2sIncivet+Tanatorio+Crematorio+de+Mascotas!8m2!3d40.3798604!4d-4.2186172!16s%2Fg%2F11ckvg1dmb!3m7!1s0xd41bb3e4996c8c5:0x6559961a03c9be81!8m2!3d40.3798604!4d-4.2186172!9m1!1b1!16s%2Fg%2F11ckvg1dmb?entry=ttu",ChIJxciWST67QQ0Rgb7JAxqWWWU,"7,30E+18","7,30E+18",incivet-tanatorio-crematorio-de-mascotas,Comunidad de Madrid,,0,1,"Accesibilidad: Acceso para sillas de ruedas: Sí, Aseo adaptado para sillas de ruedas: Sí, Servicios: Aseos unisex: Sí",,,,
Illarcuris. Crematorio De Mascotas,"Servicio de cremación, Peluquero de mascotas",+34 925 51 32 09,,"Calle Costa Brava, Polígono industrial, 15, sector 22, 45210 Yuncos, Toledo","Calle Costa Brava, Polígono industrial, 15, sector 22",Yuncos,,Toledo,45210,40.0747003,-3.8896205,4,10,https://search.google.com/local/reviews?placeid=ChIJvZeqX3DxQQ0RRReiUz_4lFM&q=*&authuser=0&hl=es&gl=ES,"{""1"": 2, ""2"": 0, ""3"": 0, ""4"": 2, ""5"": 6}",2,0,0,2,6,https://lh3.googleusercontent.com/p/AF1QipOo-rBNxqedwAxErqjcjho-1ma4BQLusY-398Nx=w800-h500-k-no,https://lh3.googleusercontent.com/p/AF1QipOo-rBNxqedwAxErqjcjho-1ma4BQLusY-398Nx=w1600-h1000-k-no,https://lh4.googleusercontent.com/-MWFTFmFvpFI/AAAAAAAAAAI/AAAAAAAAAAA/CHRoGa2_PpY/s44-p-k-no-ns-nd/photo.jpg,OPERATIONAL,,,,,,,,1,"https://www.google.com/maps/place/Illarcuris.+Crematorio+De+Mascotas/@40.074700299999996,-3.8896205,14z/data=!4m8!1m2!2m1!1sIllarcuris.+Crematorio+De+Mascotas!3m4!1s0xd41f1705faa97bd:0x5394f83f53a21745!8m2!3d40.074700299999996!4d-3.8896205","https://www.google.com/maps/place/Illarcuris.+Crematorio+De+Mascotas/@40.074700299999996,-3.8896205,13.99z/data=!4m16!1m7!3m6!1s0xd41f1705faa97bd:0x5394f83f53a21745!2sIllarcuris.+Crematorio+De+Mascotas!8m2!3d40.074700299999996!4d-3.8896205!16s%2Fg%2F11ckvg1dmb!3m7!1s0xd41f1705faa97bd:0x5394f83f53a21745!8m2!3d40.074700299999996!4d-3.8896205!9m1!1b1!16s%2Fg%2F11ckvg1dmb?entry=ttu",ChIJvZeqX3DxQQ0RRReiUz_4lFM,"6,02E+18","6,02E+18",illarcuris-crematorio-de-mascotas,Castilla-La Mancha,,0,1,,,,,
Tanatori de Mascotes - Barcelona,"Funeraria, Planta incineradora",+34 625 37 98 94,http://www.tanatoridemascotes.com/,"Vía Trajana, 56, Sant Martí, 08020 Barcelona","Vía Trajana, 56",Barcelona,Sant Martí,Barcelona,8020,41.4286552,2.1994355,4.9,317,https://search.google.com/local/reviews?placeid=ChIJN0okzMi8pBIRdtfwru_xqAQ&q=*&authuser=0&hl=es&gl=ES,"{""1"": 10, ""2"": 1, ""3"": 0, ""4"": 4, ""5"": 302}",10,1,0,4,302,https://lh3.googleusercontent.com/gps-cs-s/AG0ilSyEGLl-vcGaV5sW56-TrrL_szT2PR5YZyHygzdtJIQFqz6o55GFtNdr-SgUrwpUHoetwZMlnF1j6yb6LbyX5QwEmAsSadDddlAeTuClw9hyK07G0tMFqJ7ytq-VnOSfoBlHYpdt=w800-h500-k-no,https://lh3.googleusercontent.com/gps-cs-s/AG0ilSyEGLl-vcGaV5sW56-TrrL_szT2PR5YZyHygzdtJIQFqz6o55GFtNdr-SgUrwpUHoetwZMlnF1j6yb6LbyX5QwEmAsSadDddlAeTuClw9hyK07G0tMFqJ7ytq-VnOSfoBlHYpdt=w1600-h1000-k-no,https://lh3.googleusercontent.com/-L18lpq4tgeA/AAAAAAAAAAI/AAAAAAAAAAA/D_JLSfa62WA/s44-p-k-no-ns-nd/photo.jpg,OPERATIONAL,"{""lunes"": ""10:00-17:00"", ""martes"": ""10:00-17:00"", ""miércoles"": ""10:00-17:00"", ""jueves"": ""10:00-17:00"", ""viernes"": ""10:00-17:00"", ""sábado"": ""Cerrado"", ""domingo"": ""Cerrado""}",,,,,"{""Accesibilidad"": {""Acceso para sillas de ruedas"": true, ""Aparcamiento adaptado para sillas de ruedas"": true}}",,1,"https://www.google.com/maps/place/Tanatori+de+Mascotes+-+Barcelona/@41.4286552,2.1994355,14z/data=!4m8!1m2!2m1!1sTanatori+de+Mascotes+-+Barcelona!3m4!1s0x12a4bcc8cc244a37:0x4a8f1efaef0d776!8m2!3d41.4286552!4d2.1994355","https://www.google.com/maps/place/Tanatori+de+Mascotes+-+Barcelona/@41.4286552,2.1994355,13.99z/data=!4m16!1m7!3m6!1s0x12a4bcc8cc244a37:0x4a8f1efaef0d776!2sTanatori+de+Mascotes+-+Barcelona!8m2!3d41.4286552!4d2.1994355!16s%2Fg%2F11ckvg1dmb!3m7!1s0x12a4bcc8cc244a37:0x4a8f1efaef0d776!8m2!3d41.4286552!4d2.1994355!9m1!1b1!16s%2Fg%2F11ckvg1dmb?entry=ttu",ChIJN0okzMi8pBIRdtfwru_xqAQ,"3,36E+17","3,36E+17",tanatori-de-mascotes--barcelona,Cataluña,,0,1,"Accesibilidad: Acceso para sillas de ruedas: Sí, Aparcamiento adaptado para sillas de ruedas: Sí",,,,
Cresma Alicante Tanatorio Crematorio de Mascotas,"Cementerio de mascotas, Funeraria, Planta incineradora, Serveis funeraris per a animals de companyia",+34 963 31 30 27,https://cresma.es/,"Calle Artes Graficas nº3 – nave 2, San Vicente del Raspeig Pol. Inds. de Canastell, 03690 Alicante","Calle Artes Graficas nº3 – nave 2, San Vicente del Raspeig Pol. Inds. de Canastell",Alicante,,Alicante,3690,38.4031444,-0.545032,5,421,https://search.google.com/local/reviews?placeid=ChIJaf63vU4ZYg0R_eZiPewfM3k&q=*&authuser=0&hl=es&gl=ES,"{""1"": 0, ""2"": 0, ""3"": 1, ""4"": 7, ""5"": 413}",0,0,1,7,413,https://lh3.googleusercontent.com/p/AF1QipNX972VkT1sMBxHNggY0kk39d-LFa-i65S2Ab6w=w800-h500-k-no,https://lh3.googleusercontent.com/p/AF1QipNX972VkT1sMBxHNggY0kk39d-LFa-i65S2Ab6w=w1600-h1000-k-no,https://lh6.googleusercontent.com/-13K8tkx5Qbo/AAAAAAAAAAI/AAAAAAAAAAA/r2GPiVqb0cE/s44-p-k-no-ns-nd/photo.jpg,OPERATIONAL,,,,,,"{""Accesibilidad"": {""Acceso para sillas de ruedas"": true, ""Aparcamiento adaptado para sillas de ruedas"": true}, ""Servicios"": {""Aseos unisex"": true}}",,1,"https://www.google.com/maps/place/Cresma+Alicante+Tanatorio+Crematorio+de+Mascotas/@38.403144399999995,-0.545032,14z/data=!4m8!1m2!2m1!1sCresma+Alicante+Tanatorio+Crematorio+de+Mascotas!3m4!1s0xd62194ebdb7fe69:0x79331fec3d62e6fd!8m2!3d38.403144399999995!4d-0.545032","https://www.google.com/maps/place/Cresma+Alicante+Tanatorio+Crematorio+de+Mascotas/@38.403144399999995,-0.545032,13.99z/data=!4m16!1m7!3m6!1s0xd62194ebdb7fe69:0x79331fec3d62e6fd!2sCresma+Alicante+Tanatorio+Crematorio+de+Mascotas!8m2!3d38.403144399999995!4d-0.545032!16s%2Fg%2F11ckvg1dmb!3m7!1s0xd62194ebdb7fe69:0x79331fec3d62e6fd!8m2!3d38.403144399999995!4d-0.545032!9m1!1b1!16s%2Fg%2F11ckvg1dmb?entry=ttu",ChIJaf63vU4ZYg0R_eZiPewfM3k,"8,73E+18","8,73E+18",cresma-alicante-tanatorio-crematorio-de-mascotas,Comunidad Valenciana,,0,1,"Accesibilidad: Acceso para sillas de ruedas: Sí, Aparcamiento adaptado para sillas de ruedas: Sí, Servicios: Aseos unisex: Sí",,,,
Funeraria Huella Amiga - Incinerar Mascota en Illescas,,+34 825 76 53 13,https://huellaamiga.net/toledo/incinerar-mascota-illescas/,"C. Alameda, 28, 45200 Illescas, Toledo","C. Alameda, 28",Illescas,,Toledo,45200,40.121157,-3.8456899,,,,,,,,,,https://lh3.googleusercontent.com/p/AF1QipP-b003oTfqMaP-RoC__QUO1zRa-QSpBYToZLXb=w800-h500-k-no,https://lh3.googleusercontent.com/p/AF1QipP-b003oTfqMaP-RoC__QUO1zRa-QSpBYToZLXb=w1600-h1000-k-no,https://lh4.googleusercontent.com/-TaF7svNjxAU/AAAAAAAAAAI/AAAAAAAAAAA/Nf4s2Eyukmk/s44-p-k-no-ns-nd/photo.jpg,OPERATIONAL,"{""lunes"": ""Abierto 24 horas"", ""martes"": ""Abierto 24 horas"", ""miércoles"": ""Abierto 24 horas"", ""jueves"": ""Abierto 24 horas"", ""viernes"": ""Abierto 24 horas"", ""sábado"": ""Abierto 24 horas"", ""domingo"": ""Abierto 24 horas""}",,,,,"{""Clientela"": {""Amigable con la comunidad LGTBI+"": true, ""Espacio seguro para personas transgénero"": true}, ""Other"": {""Amigable con la comunidad LGTBI+"": true}}",,1,"https://www.google.com/maps/place/Funeraria+Huella+Amiga+-+Incinerar+Mascota+en+Illescas/@40.121157,-3.8456899,14z/data=!4m8!1m2!2m1!1sFuneraria+Huella+Amiga+-+Incinerar+Mascota+en+Illescas!3m4!1s0xd41f170072c437b:0xf4fc3b78e8097796!8m2!3d40.121157!4d-3.8456899","https://www.google.com/maps/place/Funeraria+Huella+Amiga+-+Incinerar+Mascota+en+Illescas/@40.121157,-3.8456899,13.99z/data=!4m16!1m7!3m6!1s0xd41f170072c437b:0xf4fc3b78e8097796!2sFuneraria+Huella+Amiga+-+Incinerar+Mascota+en+Illescas!8m2!3d40.121157!4d-3.8456899!16s%2Fg%2F11ckvg1dmb!3m7!1s0xd41f170072c437b:0xf4fc3b78e8097796!8m2!3d40.121157!4d-3.8456899!9m1!1b1!16s%2Fg%2F11ckvg1dmb?entry=ttu",ChIJe0MsB3DxQQ0RlncJ6Hg7_PQ,"1,77E+19",,funeraria-huella-amiga--incinerar-mascota-en-illescas,Castilla-La Mancha,,0,1,"Clientela: Amigable con la comunidad LGTBI+: Sí, Espacio seguro para personas transgénero: Sí, Other: Amigable con la comunidad LGTBI+: Sí",,,,
Cementerio Jardín de Alcalá de Henares,"Cementerio, Funeraria",+34 918 77 03 93,https://www.enalta.es/centros/madrid/cementerio-jardin-de-alcala-de-henares,"Carretera de Pastrana, km 3, 28803 Alcalá de Henares, Madrid","Carretera de Pastrana, km 3",Alcalá de Henares,,Madrid,28803,40.4624211,-3.3631136,3.2,167,https://search.google.com/local/reviews?placeid=ChIJ26JAVRBJQg0RMz9pOOalL54&q=*&authuser=0&hl=es&gl=ES,"{""1"": 50, ""2"": 16, ""3"": 17, ""4"": 21, ""5"": 63}",50,16,17,21,63,https://lh3.googleusercontent.com/p/AF1QipPda1mo5W8GJd-pTvOwABQ_t34ckXR7n4aR0kPa=w800-h500-k-no,https://lh3.googleusercontent.com/p/AF1QipPda1mo5W8GJd-pTvOwABQ_t34ckXR7n4aR0kPa=w1600-h1000-k-no,https://lh5.googleusercontent.com/-SQqexpP0kPo/AAAAAAAAAAI/AAAAAAAAAAA/5yBFONglXEg/s44-p-k-no-ns-nd/photo.jpg,OPERATIONAL,"{""lunes"": ""8:00-21:00"", ""martes"": ""8:00-21:00"", ""miércoles"": ""8:00-21:00"", ""jueves"": ""8:00-21:00"", ""viernes"": ""8:00-21:00"", ""sábado"": ""8:00-21:00"", ""domingo"": ""8:00-21:00""}",,,,,"{""Accesibilidad"": {""Acceso para sillas de ruedas"": true, ""Aparcamiento adaptado para sillas de ruedas"": true}}",,1,"https://www.google.com/maps/place/Cementerio+Jard%C3%ADn+de+Alcal%C3%A1+de+Henares/@40.4624211,-3.3631135999999997,14z/data=!4m8!1m2!2m1!1sCementerio+Jard%C3%ADn+de+Alcal%C3%A1+de+Henares!3m4!1s0xd4249105540a2db:0x9e2fa5e638693f33!8m2!3d40.4624211!4d-3.3631135999999997","https://www.google.com/maps/place/Cementerio+Jard%C3%ADn+de+Alcal%C3%A1+de+Henares/@40.4624211,-3.3631135999999997,13.99z/data=!4m16!1m7!3m6!1s0xd4249105540a2db:0x9e2fa5e638693f33!2sCementerio+Jard%C3%ADn+de+Alcal%C3%A1+de+Henares!8m2!3d40.4624211!4d-3.3631135999999997!16s%2Fg%2F11ckvg1dmb!3m7!1s0xd4249105540a2db:0x9e2fa5e638693f33!8m2!3d40.4624211!4d-3.3631135999999997!9m1!1b1!16s%2Fg%2F11ckvg1dmb?entry=ttu",ChIJ26JAVRBJQg0RMz9pOOalL54,"1,14E+19","-7,05E+18",cementerio-jardin-de-alcala-de-henares,Comunidad de Madrid,,0,1,"Accesibilidad: Acceso para sillas de ruedas: Sí, Aparcamiento adaptado para sillas de ruedas: Sí",,,,
Incimasc,Cementerio de mascotas,+34 607 05 44 40,http://incimasc.com/,"C. Aceituneras, nave 26, 14500 Puente Genil, Córdoba","C. Aceituneras, nave 26",Puente Genil,,Córdoba,14500,37.3999606,-4.7562297,3.4,10,https://search.google.com/local/reviews?placeid=ChIJvY6K0O5CbQ0R5oMaQKfbH-0&q=*&authuser=0&hl=es&gl=ES,"{""1"": 4, ""2"": 0, ""3"": 0, ""4"": 0, ""5"": 6}",4,0,0,0,6,https://streetviewpixels-pa.googleapis.com/v1/thumbnail?panoid=gMMZk0LyAY--7zdG5ox1mQ&cb_client=search.gws-prod.gps&w=800&h=500&yaw=83.221924&pitch=0&thumbfov=100,https://streetviewpixels-pa.googleapis.com/v1/thumbnail?panoid=gMMZk0LyAY--7zdG5ox1mQ&cb_client=search.gws-prod.gps&w=1600&h=1000&yaw=83.221924&pitch=0&thumbfov=100,,OPERATIONAL,"{""lunes"": ""8:00-18:00"", ""martes"": ""8:00-18:00"", ""miércoles"": ""8:00-18:00"", ""jueves"": ""8:00-18:00"", ""viernes"": ""8:00-18:00"", ""sábado"": ""Cerrado"", ""domingo"": ""Cerrado""}",,,,,"{""Accesibilidad"": {""Acceso para sillas de ruedas"": true}}",,0,"https://www.google.com/maps/place/Incimasc/@37.3999606,-4.7562297,14z/data=!4m8!1m2!2m1!1sIncimasc!3m4!1s0xd6d42eed08a8ebd:0xed1fdba7401a83e6!8m2!3d37.3999606!4d-4.7562297","https://www.google.com/maps/place/Incimasc/@37.3999606,-4.7562297,13.99z/data=!4m16!1m7!3m6!1s0xd6d42eed08a8ebd:0xed1fdba7401a83e6!2sIncimasc!8m2!3d37.3999606!4d-4.7562297!16s%2Fg%2F11ckvg1dmb!3m7!1s0xd6d42eed08a8ebd:0xed1fdba7401a83e6!8m2!3d37.3999606!4d-4.7562297!9m1!1b1!16s%2Fg%2F11ckvg1dmb?entry=ttu",ChIJvY6K0O5CbQ0R5oMaQKfbH-0,"1,71E+19","-1,36E+18",incimasc,Andalucía,,0,1,Accesibilidad: Acceso para sillas de ruedas: Sí,,,,
"Fune Mascotas Benidorm - Incinerar perros, gatos y otras mascotas",,+34 865 44 30 47,https://funemascotas.com/alicante/incineracion-mascotas-benidorm/,"C. Montevideo, 3A, 03502 Benidorm, Alicante","C. Montevideo, 3A",Benidorm,,Alicante,3502,38.5462692,-0.1426326,5,3,https://search.google.com/local/reviews?placeid=ChIJUwP0UdEFYg0R01ZXOdqqkqg&q=*&authuser=0&hl=es&gl=ES,"{""1"": 0, ""2"": 0, ""3"": 0, ""4"": 0, ""5"": 3}",0,0,0,0,3,https://streetviewpixels-pa.googleapis.com/v1/thumbnail?panoid=fr1DBc8ihWyEg0gf1s-V8Q&cb_client=search.gws-prod.gps&w=800&h=500&yaw=60.851803&pitch=0&thumbfov=100,https://lh3.googleusercontent.com/p/AF1QipOuCQPCRXvWf3GAp0K0krSTz-4xMMzysUfvW1Zc=w1600-h1000-k-no,https://lh3.googleusercontent.com/-uxYasMk2ch8/AAAAAAAAAAI/AAAAAAAAAAA/pqwGza1XBKg/s44-p-k-no-ns-nd/photo.jpg,OPERATIONAL,"{""lunes"": ""Abierto 24 horas"", ""martes"": ""Abierto 24 horas"", ""miércoles"": ""Abierto 24 horas"", ""jueves"": ""Abierto 24 horas"", ""viernes"": ""Abierto 24 horas"", ""sábado"": ""Abierto 24 horas"", ""domingo"": ""Abierto 24 horas""}",,,,,"{""Accesibilidad"": {""Acceso para sillas de ruedas"": true}}",,1,"https://www.google.com/maps/place/Fune+Mascotas+Benidorm+-+Incinerar+perros%2C+gatos+y+otras+mascotas/@38.5462692,-0.1426326,14z/data=!4m8!1m2!2m1!1sFune+Mascotas+Benidorm+-+Incinerar+perros%2C+gatos+y+otras+mascotas!3m4!1s0xd6205d151f40353:0xa892aada395756d3!8m2!3d38.5462692!4d-0.1426326","https://www.google.com/maps/place/Fune+Mascotas+Benidorm+-+Incinerar+perros%2C+gatos+y+otras+mascotas/@38.5462692,-0.1426326,13.99z/data=!4m16!1m7!3m6!1s0xd6205d151f40353:0xa892aada395756d3!2sFune+Mascotas+Benidorm+-+Incinerar+perros%2C+gatos+y+otras+mascotas!8m2!3d38.5462692!4d-0.1426326!16s%2Fg%2F11ckvg1dmb!3m7!1s0xd6205d151f40353:0xa892aada395756d3!8m2!3d38.5462692!4d-0.1426326!9m1!1b1!16s%2Fg%2F11ckvg1dmb?entry=ttu",ChIJUwP0UdEFYg0R01ZXOdqqkqg,"1,21E+19","-6,30E+18",fune-mascotas-benidorm--incinerar-perros-gatos-y-otras-mascotas,Comunidad Valenciana,,0,1,Accesibilidad: Acceso para sillas de ruedas: Sí,,,,
Funeraria Huella Amiga - Incinerar Mascota en Toledo,,+34 825 76 53 13,https://huellaamiga.net/toledo/incinerar-mascota-toledo/,"Av. de Francia, 10, 45005 Toledo","Av. de Francia, 10",Toledo,,Toledo,45005,39.8799113,-4.0285844,4.4,9,https://search.google.com/local/reviews?placeid=ChIJI4S9JmoLag0RZxuKhgDLBvk&q=*&authuser=0&hl=es&gl=ES,"{""1"": 1, ""2"": 0, ""3"": 0, ""4"": 1, ""5"": 7}",1,0,0,1,7,https://lh3.googleusercontent.com/p/AF1QipNA8Dl5es19Y8KNTWK_1cyI116QFzgOMH_TKYFc=w800-h500-k-no,https://lh3.googleusercontent.com/p/AF1QipNA8Dl5es19Y8KNTWK_1cyI116QFzgOMH_TKYFc=w1600-h1000-k-no,https://lh6.googleusercontent.com/-xp8RIDZC0Hs/AAAAAAAAAAI/AAAAAAAAAAA/W0A8VdCiOxM/s44-p-k-no-ns-nd/photo.jpg,OPERATIONAL,"{""lunes"": ""Abierto 24 horas"", ""martes"": ""Abierto 24 horas"", ""miércoles"": ""Abierto 24 horas"", ""jueves"": ""Abierto 24 horas"", ""viernes"": ""Abierto 24 horas"", ""sábado"": ""Abierto 24 horas"", ""domingo"": ""Abierto 24 horas""}",,,,,"{""Clientela"": {""Amigable con la comunidad LGTBI+"": true, ""Espacio seguro para personas transgénero"": true}, ""Other"": {""Amigable con la comunidad LGTBI+"": true}}",,1,"https://www.google.com/maps/place/Funeraria+Huella+Amiga+-+Incinerar+Mascota+en+Toledo/@39.879911299999996,-4.0285844,14z/data=!4m8!1m2!2m1!1sFuneraria+Huella+Amiga+-+Incinerar+Mascota+en+Toledo!3m4!1s0xd6a0b6a26bd8423:0xf906cb00868a1b67!8m2!3d39.879911299999996!4d-4.0285844","https://www.google.com/maps/place/Funeraria+Huella+Amiga+-+Incinerar+Mascota+en+Toledo/@39.879911299999996,-4.0285844,13.99z/data=!4m16!1m7!3m6!1s0xd6a0b6a26bd8423:0xf906cb00868a1b67!2sFuneraria+Huella+Amiga+-+Incinerar+Mascota+en+Toledo!8m2!3d39.879911299999996!4d-4.0285844!16s%2Fg%2F11ckvg1dmb!3m7!1s0xd6a0b6a26bd8423:0xf906cb00868a1b67!8m2!3d39.879911299999996!4d-4.0285844!9m1!1b1!16s%2Fg%2F11ckvg1dmb?entry=ttu",ChIJI4S9JmoLag0RZxuKhgDLBvk,"1,79E+19","-5,02E+17",funeraria-huella-amiga--incinerar-mascota-en-toledo,Castilla-La Mancha,,0,1,"Clientela: Amigable con la comunidad LGTBI+: Sí, Espacio seguro para personas transgénero: Sí, Other: Amigable con la comunidad LGTBI+: Sí",,,,
Caelum Pets | Tanatorio y Crematorio de mascotas en Alicante,"Servicio de cremación, Serveis funeraris per a animals de companyia, Cementerio de mascotas, Tienda de productos para mascotas",+34 919 93 15 38,https://www.caelumpets.com/,"Av. Mare Nostrum, 20, 03007 Alacant, Alicante","Av. Mare Nostrum, 20",Alicante,,Alicante,3007,38.3408809,-0.5244979,4.9,17,https://search.google.com/local/reviews?placeid=ChIJM2TxqXU3Yg0RXh6Tx0MTy-M&q=*&authuser=0&hl=es&gl=ES,"{""1"": 0, ""2"": 0, ""3"": 0, ""4"": 1, ""5"": 16}",0,0,0,1,16,https://lh3.googleusercontent.com/p/AF1QipOKFGhxPQQ3ZrXfcngZXVKt-TY8jNfTqwlxSr8k=w800-h500-k-no,https://lh3.googleusercontent.com/p/AF1QipOKFGhxPQQ3ZrXfcngZXVKt-TY8jNfTqwlxSr8k=w1600-h1000-k-no,https://lh3.googleusercontent.com/-l0d-TfB8POY/AAAAAAAAAAI/AAAAAAAAAAA/k8Hb2UAGfFE/s44-p-k-no-ns-nd/photo.jpg,OPERATIONAL,"{""lunes"": ""9:00-19:00"", ""martes"": ""9:00-19:00"", ""miércoles"": ""9:00-19:00"", ""jueves"": ""9:00-19:00"", ""viernes"": ""9:00-19:00"", ""sábado"": ""9:00-19:00"", ""domingo"": ""9:00-19:00""}",,,,,"{""Opciones de servicio"": {""Servicios en las instalaciones"": true, ""Ofrece asistencia en otros idiomas"": true}, ""Accesibilidad"": {""Acceso para sillas de ruedas"": true, ""Aseo adaptado para sillas de ruedas"": true, ""Asientos adaptados sillas de ruedas"": true, ""Bucle magnético asistencial"": false}, ""Servicios"": {""Aseos unisex"": true}, ""Clientela"": {""Amigable con la comunidad LGTBI+"": true, ""Espacio seguro para personas transgénero"": true}, ""Aparcamiento"": {""Aparcamiento en la calle gratuito"": true, ""Con aparcamiento propio"": true}, ""Other"": {""Amigable con la comunidad LGTBI+"": true}}",,1,"https://www.google.com/maps/place/Caelum+Pets+%7C+Tanatorio+y+Crematorio+de+mascotas+en+Alicante/@38.340880899999995,-0.5244979,14z/data=!4m8!1m2!2m1!1sCaelum+Pets+%7C+Tanatorio+y+Crematorio+de+mascotas+en+Alicante!3m4!1s0xd623775a9f16433:0xe3cb1343c7931e5e!8m2!3d38.340880899999995!4d-0.5244979","https://www.google.com/maps/place/Caelum+Pets+%7C+Tanatorio+y+Crematorio+de+mascotas+en+Alicante/@38.340880899999995,-0.5244979,13.99z/data=!4m16!1m7!3m6!1s0xd623775a9f16433:0xe3cb1343c7931e5e!2sCaelum+Pets+%7C+Tanatorio+y+Crematorio+de+mascotas+en+Alicante!8m2!3d38.340880899999995!4d-0.5244979!16s%2Fg%2F11ckvg1dmb!3m7!1s0xd623775a9f16433:0xe3cb1343c7931e5e!8m2!3d38.340880899999995!4d-0.5244979!9m1!1b1!16s%2Fg%2F11ckvg1dmb?entry=ttu",ChIJM2TxqXU3Yg0RXh6Tx0MTy-M,"1,64E+19","-2,03E+18",caelum-pets-tanatorio-y-crematorio-de-mascotas-en-alicante,Comunidad Valenciana,,0,1,"Opciones de servicio: Servicios en las instalaciones: Sí, Ofrece asistencia en otros idiomas: Sí, Accesibilidad: Acceso para sillas de ruedas: Sí, Aseo adaptado para sillas de ruedas: Sí, Asientos adaptados sillas de ruedas: Sí, Bucle magnético asistencial: No, Servicios: Aseos unisex: Sí, Clientela: Amigable con la comunidad LGTBI+: Sí, Espacio seguro para personas transgénero: Sí, Aparcamiento: Aparcamiento en la calle gratuito: Sí, Con aparcamiento propio: Sí, Other: Amigable con la comunidad LGTBI+: Sí",,,,
The Pet's Paradise,Servicio de cremación,+34 604 93 04 10,http://www.thepetsparadise.es/,"C. Albañiles, 76, 16003 Cuenca","C. Albañiles, 76",Cuenca,,Cuenca,16003,40.0525281,-2.1471985,5,14,https://search.google.com/local/reviews?placeid=ChIJv4JJdMl7v68RM-EpaFDJXvQ&q=*&authuser=0&hl=es&gl=ES,"{""1"": 0, ""2"": 0, ""3"": 0, ""4"": 0, ""5"": 14}",0,0,0,0,14,https://streetviewpixels-pa.googleapis.com/v1/thumbnail?panoid=A8Dr6q9fLxUbXEciESlvxw&cb_client=search.gws-prod.gps&w=800&h=500&yaw=179.34117&pitch=0&thumbfov=100,https://lh3.googleusercontent.com/gps-cs-s/AG0ilSxQ8_FjacnpZS6lcEX0y3FtrK04Hwc-qjEdLk1VtcnVO28UXdHtmARmM6jMgOvWk1AalGIZlOdeXchOpe5N_oFRHyVMn075ffRrKXjZDTFUuVMiCADKDuZ7Jlxl7lQ6rgIhia8=w1600-h1000-k-no,https://lh5.googleusercontent.com/-O-97BpPJ3QI/AAAAAAAAAAI/AAAAAAAAAAA/G0pVdMzdGlU/s44-p-k-no-ns-nd/photo.jpg,OPERATIONAL,"{""lunes"": ""10:00-14:00"", ""martes"": ""10:00-14:00"", ""miércoles"": ""10:00-14:00"", ""jueves"": ""10:00-14:00"", ""viernes"": ""10:00-14:00"", ""sábado"": ""Cerrado"", ""domingo"": ""Cerrado""}",,,,,"{""Accesibilidad"": {""Acceso para sillas de ruedas"": true}}",,1,"https://www.google.com/maps/place/The+Pet%27s+Paradise/@40.052528099999996,-2.1471985,14z/data=!4m8!1m2!2m1!1sThe+Pet%27s+Paradise!3m4!1s0xafbf7bc9744982bf:0xf45ec9506829e133!8m2!3d40.052528099999996!4d-2.1471985","https://www.google.com/maps/place/The+Pet%27s+Paradise/@40.052528099999996,-2.1471985,13.99z/data=!4m16!1m7!3m6!1s0xafbf7bc9744982bf:0xf45ec9506829e133!2sThe+Pet%27s+Paradise!8m2!3d40.052528099999996!4d-2.1471985!16s%2Fg%2F11ckvg1dmb!3m7!1s0xafbf7bc9744982bf:0xf45ec9506829e133!8m2!3d40.052528099999996!4d-2.1471985!9m1!1b1!16s%2Fg%2F11ckvg1dmb?entry=ttu",ChIJv4JJdMl7v68RM-EpaFDJXvQ,"1,76E+19","-8,38E+17",the-pet's-paradise,Castilla-La Mancha,,0,1,Accesibilidad: Acceso para sillas de ruedas: Sí,,,,
"Fune Mascotas Alicante - Incinerar perros, gatos y otras mascotas",,+34 865 44 30 47,https://funemascotas.com/alicante/incineracion-mascotas-alicante/,"Calle del Dr. Bergez, 81, 03012 Alicante","Calle del Dr. Bergez, 81",Alicante,,Alicante,3012,38.3615224,-0.4776412,4.7,7,https://search.google.com/local/reviews?placeid=ChIJV0bvm8s3Yg0R4GOfto1t2bA&q=*&authuser=0&hl=es&gl=ES,"{""1"": 0, ""2"": 0, ""3"": 1, ""4"": 0, ""5"": 6}",0,0,1,0,6,https://streetviewpixels-pa.googleapis.com/v1/thumbnail?panoid=AbHm3rPDklbTgTs0sOkN1g&cb_client=search.gws-prod.gps&w=800&h=500&yaw=314.99518&pitch=0&thumbfov=100,https://lh3.googleusercontent.com/gps-cs-s/AG0ilSxuosbodiAq2k_Wtad9eG5EkeINMwouO2bJHo1pT5_S28dncqgUSwNmjyN5EthD9xyIHp8PZcSAv1K5FW814NEDNOc0ilssjSqh-XQeBSJKKAY6-VjIZmM9oWYQKObr488q54BMZCNGhhFH=w1600-h1000-k-no,https://lh4.googleusercontent.com/-7gVNTb1Os3I/AAAAAAAAAAI/AAAAAAAAAAA/lbDoXmTXnZ0/s44-p-k-no-ns-nd/photo.jpg,OPERATIONAL,"{""lunes"": ""Abierto 24 horas"", ""martes"": ""Abierto 24 horas"", ""miércoles"": ""Abierto 24 horas"", ""jueves"": ""Abierto 24 horas"", ""viernes"": ""Abierto 24 horas"", ""sábado"": ""Abierto 24 horas"", ""domingo"": ""Abierto 24 horas""}",,,,,,,1,"https://www.google.com/maps/place/Fune+Mascotas+Alicante+-+Incinerar+perros%2C+gatos+y+otras+mascotas/@38.3615224,-0.4776412,14z/data=!4m8!1m2!2m1!1sFune+Mascotas+Alicante+-+Incinerar+perros%2C+gatos+y+otras+mascotas!3m4!1s0xd6237cb9bef4657:0xb0d96d8db69f63e0!8m2!3d38.3615224!4d-0.4776412","https://www.google.com/maps/place/Fune+Mascotas+Alicante+-+Incinerar+perros%2C+gatos+y+otras+mascotas/@38.3615224,-0.4776412,13.99z/data=!4m16!1m7!3m6!1s0xd6237cb9bef4657:0xb0d96d8db69f63e0!2sFune+Mascotas+Alicante+-+Incinerar+perros%2C+gatos+y+otras+mascotas!8m2!3d38.3615224!4d-0.4776412!16s%2Fg%2F11ckvg1dmb!3m7!1s0xd6237cb9bef4657:0xb0d96d8db69f63e0!8m2!3d38.3615224!4d-0.4776412!9m1!1b1!16s%2Fg%2F11ckvg1dmb?entry=ttu",ChIJV0bvm8s3Yg0R4GOfto1t2bA,"1,27E+19","-5,70E+18",fune-mascotas-alicante--incinerar-perros-gatos-y-otras-mascotas,Comunidad Valenciana,,0,1,,,,,
Funeraria Huella Amiga - Incinerar Mascota en Valencia,Serveis funeraris per a animals de companyia,+34 960 73 04 03,https://huellaamiga.net/valencia/incinerar-mascota-valencia/,"C/ de Ciril Amorós, 28, L'Eixample, 46004 València, Valencia","C/ de Ciril Amorós, 28",Valencia,Ensanche,Valencia,46004,39.4669395,-0.3721935,5,6,https://search.google.com/local/reviews?placeid=ChIJqxN4UfFJYA0RqdlkO-Hfpog&q=*&authuser=0&hl=es&gl=ES,"{""1"": 0, ""2"": 0, ""3"": 0, ""4"": 0, ""5"": 6}",0,0,0,0,6,https://lh3.googleusercontent.com/p/AF1QipPnM1vJ6mChZfyDUfHEq8b2IzvqGBuf0ZLoOyVE=w800-h500-k-no,https://lh3.googleusercontent.com/p/AF1QipPnM1vJ6mChZfyDUfHEq8b2IzvqGBuf0ZLoOyVE=w1600-h1000-k-no,https://lh5.googleusercontent.com/-OoDB9DVLQfo/AAAAAAAAAAI/AAAAAAAAAAA/tKxGTgCx-ac/s44-p-k-no-ns-nd/photo.jpg,OPERATIONAL,"{""lunes"": ""Abierto 24 horas"", ""martes"": ""Abierto 24 horas"", ""miércoles"": ""Abierto 24 horas"", ""jueves"": ""Abierto 24 horas"", ""viernes"": ""Abierto 24 horas"", ""sábado"": ""Abierto 24 horas"", ""domingo"": ""Abierto 24 horas""}",,,,,"{""Accesibilidad"": {""Acceso para sillas de ruedas"": true}}",,1,"https://www.google.com/maps/place/Funeraria+Huella+Amiga+-+Incinerar+Mascota+en+Valencia/@39.466939499999995,-0.3721935,14z/data=!4m8!1m2!2m1!1sFuneraria+Huella+Amiga+-+Incinerar+Mascota+en+Valencia!3m4!1s0xd6049f1517813ab:0x88a6dfe13b64d9a9!8m2!3d39.466939499999995!4d-0.3721935","https://www.google.com/maps/place/Funeraria+Huella+Amiga+-+Incinerar+Mascota+en+Valencia/@39.466939499999995,-0.3721935,13.99z/data=!4m16!1m7!3m6!1s0xd6049f1517813ab:0x88a6dfe13b64d9a9!2sFuneraria+Huella+Amiga+-+Incinerar+Mascota+en+Valencia!8m2!3d39.466939499999995!4d-0.3721935!16s%2Fg%2F11ckvg1dmb!3m7!1s0xd6049f1517813ab:0x88a6dfe13b64d9a9!8m2!3d39.466939499999995!4d-0.3721935!9m1!1b1!16s%2Fg%2F11ckvg1dmb?entry=ttu",ChIJqxN4UfFJYA0RqdlkO-Hfpog,"9,85E+18","-8,60E+18",funeraria-huella-amiga--incinerar-mascota-en-valencia,Comunidad Valenciana,,0,1,Accesibilidad: Acceso para sillas de ruedas: Sí,,,,
Crematorio Fuentebet Mascotas,Servicio de cremación,+34 672 25 98 56,https://www.fuentebet.es/,"Pol. La Cigüeñela, N-110, Carretera Segovia a, km 185, 5, 40191 Torrecaballeros, Segovia","Pol. La Cigüeñela, N-110, Carretera Segovia a, km 185, 5",Torrecaballeros,,Segovia,40191,40.9803506,-4.0674384,5,56,https://search.google.com/local/reviews?placeid=ChIJubvJRp9HQQ0Rcf-A6gEQUYQ&q=*&authuser=0&hl=es&gl=ES,"{""1"": 0, ""2"": 0, ""3"": 0, ""4"": 0, ""5"": 56}",0,0,0,0,56,https://lh3.googleusercontent.com/gps-cs-s/AG0ilSw_Kh6yFfJhAt8JC5ToALVQaqeiKF9okIQjDkbX5bd38LSJXs91frFxNOEgXY2903NpO0fJqYN1Ck6lDd69WSiIwnAs2vv1pNXyg1PRmAWfSRol3ytoV9Jxdr-4JU8hlhlcymaeJQ=w800-h500-k-no,https://lh3.googleusercontent.com/gps-cs-s/AG0ilSw_Kh6yFfJhAt8JC5ToALVQaqeiKF9okIQjDkbX5bd38LSJXs91frFxNOEgXY2903NpO0fJqYN1Ck6lDd69WSiIwnAs2vv1pNXyg1PRmAWfSRol3ytoV9Jxdr-4JU8hlhlcymaeJQ=w1600-h1000-k-no,https://lh4.googleusercontent.com/--eoCkP-fR1U/AAAAAAAAAAI/AAAAAAAAAAA/mJ-OFwRu-C4/s44-p-k-no-ns-nd/photo.jpg,OPERATIONAL,,,,,,"{""Información proporcionada por la empresa"": {""Se identifica como de propietarias mujeres"": true}, ""Accesibilidad"": {""Acceso para sillas de ruedas"": true, ""Aparcamiento adaptado para sillas de ruedas"": true}, ""Aparcamiento"": {""Aparcamiento gratuito"": true, ""Con aparcamiento propio"": true}, ""Other"": {""Se identifica como de propietarias mujeres"": true}}",,1,"https://www.google.com/maps/place/Crematorio+Fuentebet+Mascotas/@40.9803506,-4.0674383999999995,14z/data=!4m8!1m2!2m1!1sCrematorio+Fuentebet+Mascotas!3m4!1s0xd41479f46c9bbb9:0x84511001ea80ff71!8m2!3d40.9803506!4d-4.0674383999999995","https://www.google.com/maps/place/Crematorio+Fuentebet+Mascotas/@40.9803506,-4.0674383999999995,13.99z/data=!4m16!1m7!3m6!1s0xd41479f46c9bbb9:0x84511001ea80ff71!2sCrematorio+Fuentebet+Mascotas!8m2!3d40.9803506!4d-4.0674383999999995!16s%2Fg%2F11ckvg1dmb!3m7!1s0xd41479f46c9bbb9:0x84511001ea80ff71!8m2!3d40.9803506!4d-4.0674383999999995!9m1!1b1!16s%2Fg%2F11ckvg1dmb?entry=ttu",ChIJubvJRp9HQQ0Rcf-A6gEQUYQ,"9,53E+18","-8,91E+18",crematorio-fuentebet-mascotas,Castilla y León,,0,1,"Información proporcionada por la empresa: Se identifica como de propietarias mujeres: Sí, Accesibilidad: Acceso para sillas de ruedas: Sí, Aparcamiento adaptado para sillas de ruedas: Sí, Aparcamiento: Aparcamiento gratuito: Sí, Con aparcamiento propio: Sí, Other: Se identifica como de propietarias mujeres: Sí",,,,
Caelum Pets | Tanatorio y Crematorio de mascotas en Zaragoza,"Servicio de cremación, Cementerio de mascotas, Tienda de productos para mascotas",+34 919 93 15 38,https://www.caelumpets.com/,"C. Acebo, 50, Nave 66, 50720 Zaragoza","C. Acebo, 50, Nave 66",Zaragoza,,Zaragoza,50720,41.5831854,-0.8252762,5,88,https://search.google.com/local/reviews?placeid=ChIJ8S7DURg9WQ0RWeBZwwKDmTM&q=*&authuser=0&hl=es&gl=ES,"{""1"": 0, ""2"": 0, ""3"": 0, ""4"": 0, ""5"": 88}",0,0,0,0,88,https://lh3.googleusercontent.com/p/AF1QipMQyBdiVUIYW-Fe5jWEYrjMUq4Q41-qLEAWk0Co=w800-h500-k-no,https://lh3.googleusercontent.com/p/AF1QipMQyBdiVUIYW-Fe5jWEYrjMUq4Q41-qLEAWk0Co=w1600-h1000-k-no,https://lh6.googleusercontent.com/-KqmxjK_gMe4/AAAAAAAAAAI/AAAAAAAAAAA/gpUKVMBpLCw/s44-p-k-no-ns-nd/photo.jpg,OPERATIONAL,"{""lunes"": ""9:00-20:00"", ""martes"": ""9:00-20:00"", ""miércoles"": ""9:00-20:00"", ""jueves"": ""9:00-20:00"", ""viernes"": ""9:00-20:00"", ""sábado"": ""9:00-20:00"", ""domingo"": ""9:00-20:00""}",,,,,"{""Opciones de servicio"": {""Servicios en las instalaciones"": true, ""Ofrece asistencia en otros idiomas"": true}, ""Accesibilidad"": {""Acceso para sillas de ruedas"": true, ""Aparcamiento adaptado para sillas de ruedas"": true, ""Aseo adaptado para sillas de ruedas"": true, ""Asientos adaptados sillas de ruedas"": true, ""Bucle magnético asistencial"": false}, ""Clientela"": {""Amigable con la comunidad LGTBI+"": true, ""Espacio seguro para personas transgénero"": true}, ""Aparcamiento"": {""Aparcamiento en la calle gratuito"": true, ""Aparcamiento gratuito"": true, ""Con aparcamiento propio"": true, ""Parking gratuito"": true}, ""Other"": {""Amigable con la comunidad LGTBI+"": true}}",,1,"https://www.google.com/maps/place/Caelum+Pets+%7C+Tanatorio+y+Crematorio+de+mascotas+en+Zaragoza/@41.5831854,-0.8252762,14z/data=!4m8!1m2!2m1!1sCaelum+Pets+%7C+Tanatorio+y+Crematorio+de+mascotas+en+Zaragoza!3m4!1s0xd593d1851c32ef1:0x33998302c359e059!8m2!3d41.5831854!4d-0.8252762","https://www.google.com/maps/place/Caelum+Pets+%7C+Tanatorio+y+Crematorio+de+mascotas+en+Zaragoza/@41.5831854,-0.8252762,13.99z/data=!4m16!1m7!3m6!1s0xd593d1851c32ef1:0x33998302c359e059!2sCaelum+Pets+%7C+Tanatorio+y+Crematorio+de+mascotas+en+Zaragoza!8m2!3d41.5831854!4d-0.8252762!16s%2Fg%2F11ckvg1dmb!3m7!1s0xd593d1851c32ef1:0x33998302c359e059!8m2!3d41.5831854!4d-0.8252762!9m1!1b1!16s%2Fg%2F11ckvg1dmb?entry=ttu",ChIJ8S7DURg9WQ0RWeBZwwKDmTM,"3,72E+18","3,72E+18",caelum-pets-tanatorio-y-crematorio-de-mascotas-en-zaragoza,Aragón,,0,1,"Opciones de servicio: Servicios en las instalaciones: Sí, Ofrece asistencia en otros idiomas: Sí, Accesibilidad: Acceso para sillas de ruedas: Sí, Aparcamiento adaptado para sillas de ruedas: Sí, Aseo adaptado para sillas de ruedas: Sí, Asientos adaptados sillas de ruedas: Sí, Bucle magnético asistencial: No, Clientela: Amigable con la comunidad LGTBI+: Sí, Espacio seguro para personas transgénero: Sí, Aparcamiento: Aparcamiento en la calle gratuito: Sí, Aparcamiento gratuito: Sí, Con aparcamiento propio: Sí, Parking gratuito: Sí, Other: Amigable con la comunidad LGTBI+: Sí",,,,
FOREVER PET SL,,+34 636 33 03 24,http://crematoriomascotastalavera.com/,"Cam. Viejo de Oropesa, 5, 45600 Talavera de la Reina, Toledo","Cam. Viejo de Oropesa, 5",Talavera de la Reina,,Toledo,45600,39.9558838,-4.8669794,5,12,https://search.google.com/local/reviews?placeid=ChIJwfofb3QdQA0RKyPmAyn5wSc&q=*&authuser=0&hl=es&gl=ES,"{""1"": 0, ""2"": 0, ""3"": 0, ""4"": 0, ""5"": 12}",0,0,0,0,12,https://lh3.googleusercontent.com/p/AF1QipOCRadiVdpv1iLNEqixzwQzCeHxOvLVvSr82X6D=w800-h500-k-no,https://lh3.googleusercontent.com/p/AF1QipOCRadiVdpv1iLNEqixzwQzCeHxOvLVvSr82X6D=w1600-h1000-k-no,https://lh6.googleusercontent.com/-YQWxv-odV3k/AAAAAAAAAAI/AAAAAAAAAAA/mFJ8oaoJor8/s44-p-k-no-ns-nd/photo.jpg,OPERATIONAL,"{""lunes"": ""9:30-13:30"", ""martes"": ""9:30-13:30"", ""miércoles"": ""9:30-13:30"", ""jueves"": ""9:30-13:30"", ""viernes"": ""9:30-13:30"", ""sábado"": ""10:00-13:30"", ""domingo"": ""Cerrado""}",,,,,"{""Accesibilidad"": {""Acceso para sillas de ruedas"": true}, ""Aparcamiento"": {""Aparcamiento en la calle gratuito"": true, ""Aparcamiento gratuito"": true, ""Con aparcamiento propio"": true}}",,1,"https://www.google.com/maps/place/FOREVER+PET+SL/@39.955883799999995,-4.8669794,14z/data=!4m8!1m2!2m1!1sFOREVER+PET+SL!3m4!1s0xd401d746f1ffac1:0x27c1f92903e6232b!8m2!3d39.955883799999995!4d-4.8669794","https://www.google.com/maps/place/FOREVER+PET+SL/@39.955883799999995,-4.8669794,13.99z/data=!4m16!1m7!3m6!1s0xd401d746f1ffac1:0x27c1f92903e6232b!2sFOREVER+PET+SL!8m2!3d39.955883799999995!4d-4.8669794!16s%2Fg%2F11ckvg1dmb!3m7!1s0xd401d746f1ffac1:0x27c1f92903e6232b!8m2!3d39.955883799999995!4d-4.8669794!9m1!1b1!16s%2Fg%2F11ckvg1dmb?entry=ttu",ChIJwfofb3QdQA0RKyPmAyn5wSc,"2,86E+18","2,86E+18",forever-pet-sl,Castilla-La Mancha,,0,1,"Accesibilidad: Acceso para sillas de ruedas: Sí, Aparcamiento: Aparcamiento en la calle gratuito: Sí, Aparcamiento gratuito: Sí, Con aparcamiento propio: Sí",,,,
"Fune Mascotas Murcia - Incinerar perros, gatos y otras mascotas",,+34 868 35 32 26,https://funemascotas.com/murcia/incineracion-mascotas-murcia/,"C. Cartagena, 72, 30002 Murcia","C. Cartagena, 72",Murcia,,Murcia,30002,37.9787147,-1.1330755,4.3,6,https://search.google.com/local/reviews?placeid=ChIJJd-5rsGDYw0RvZScjqVgDlE&q=*&authuser=0&hl=es&gl=ES,"{""1"": 1, ""2"": 0, ""3"": 0, ""4"": 0, ""5"": 5}",1,0,0,0,5,https://lh3.googleusercontent.com/p/AF1QipM5Pck8k9_6uVXmJc8wlqRhQTF9fqLTvldadl7L=w800-h500-k-no,https://lh3.googleusercontent.com/p/AF1QipM5Pck8k9_6uVXmJc8wlqRhQTF9fqLTvldadl7L=w1600-h1000-k-no,https://lh5.googleusercontent.com/-RVzRvQMCbLI/AAAAAAAAAAI/AAAAAAAAAAA/K4kSIVmkeuE/s44-p-k-no-ns-nd/photo.jpg,OPERATIONAL,"{""lunes"": ""Abierto 24 horas"", ""martes"": ""Abierto 24 horas"", ""miércoles"": ""Abierto 24 horas"", ""jueves"": ""Abierto 24 horas"", ""viernes"": ""Abierto 24 horas"", ""sábado"": ""Abierto 24 horas"", ""domingo"": ""Abierto 24 horas""}",,,,,"{""Opciones de servicio"": {""Ofrece asistencia en otros idiomas"": true}, ""Accesibilidad"": {""Acceso para sillas de ruedas"": true}, ""Clientela"": {""Amigable con la comunidad LGTBI+"": true, ""Espacio seguro para personas transgénero"": true}, ""Other"": {""Amigable con la comunidad LGTBI+"": true}}",,1,"https://www.google.com/maps/place/Fune+Mascotas+Murcia+-+Incinerar+perros%2C+gatos+y+otras+mascotas/@37.9787147,-1.1330755,14z/data=!4m8!1m2!2m1!1sFune+Mascotas+Murcia+-+Incinerar+perros%2C+gatos+y+otras+mascotas!3m4!1s0xd6383c1aeb9df25:0x510e60a58e9c94bd!8m2!3d37.9787147!4d-1.1330755","https://www.google.com/maps/place/Fune+Mascotas+Murcia+-+Incinerar+perros%2C+gatos+y+otras+mascotas/@37.9787147,-1.1330755,13.99z/data=!4m16!1m7!3m6!1s0xd6383c1aeb9df25:0x510e60a58e9c94bd!2sFune+Mascotas+Murcia+-+Incinerar+perros%2C+gatos+y+otras+mascotas!8m2!3d37.9787147!4d-1.1330755!16s%2Fg%2F11ckvg1dmb!3m7!1s0xd6383c1aeb9df25:0x510e60a58e9c94bd!8m2!3d37.9787147!4d-1.1330755!9m1!1b1!16s%2Fg%2F11ckvg1dmb?entry=ttu",ChIJJd-5rsGDYw0RvZScjqVgDlE,"5,84E+18","5,84E+18",fune-mascotas-murcia--incinerar-perros-gatos-y-otras-mascotas,Región de Murcia,,0,1,"Opciones de servicio: Ofrece asistencia en otros idiomas: Sí, Accesibilidad: Acceso para sillas de ruedas: Sí, Clientela: Amigable con la comunidad LGTBI+: Sí, Espacio seguro para personas transgénero: Sí, Other: Amigable con la comunidad LGTBI+: Sí",,,,
CREMALIA Tanatorio - Crematorio mascotas,Servicio de cremación,+34 657 68 30 08,https://cremalia.net/,"Pol. Alcodar, Carrer del Comerç, 12, 5, 46701 Gandia, Valencia","Pol. Alcodar, Carrer del Comerç, 12, 5",Gandia,,Valencia,46701,38.9788002,-0.1818269,5,44,https://search.google.com/local/reviews?placeid=ChIJi1ii9yrpYQ0RL_d62C6xngQ&q=*&authuser=0&hl=es&gl=ES,"{""1"": 0, ""2"": 0, ""3"": 0, ""4"": 1, ""5"": 43}",0,0,0,1,43,https://lh3.googleusercontent.com/p/AF1QipN9FBG7YCzt7xyFLIXBNjH8lRjYPc9fPFIJx_zd=w800-h500-k-no,https://lh3.googleusercontent.com/p/AF1QipN9FBG7YCzt7xyFLIXBNjH8lRjYPc9fPFIJx_zd=w1600-h1000-k-no,https://lh4.googleusercontent.com/-hmMr4E3J2vU/AAAAAAAAAAI/AAAAAAAAAAA/ZCN3d3vaDG0/s44-p-k-no-ns-nd/photo.jpg,OPERATIONAL,"{""lunes"": ""10:00-19:30"", ""martes"": ""Cerrado"", ""miércoles"": ""Cerrado"", ""jueves"": ""Cerrado"", ""viernes"": ""10:00-19:00"", ""sábado"": ""Cerrado"", ""domingo"": ""Cerrado""}",,,https://cremalia.net/contacto/,,"{""Accesibilidad"": {""Acceso para sillas de ruedas"": true, ""Aparcamiento adaptado para sillas de ruedas"": true, ""Aseo adaptado para sillas de ruedas"": true}, ""Aparcamiento"": {""Con aparcamiento propio"": true}}",,1,"https://www.google.com/maps/place/CREMALIA+Tanatorio+-+Crematorio+mascotas/@38.978800199999995,-0.18182689999999999,14z/data=!4m8!1m2!2m1!1sCREMALIA+Tanatorio+-+Crematorio+mascotas!3m4!1s0xd61e92af7a2588b:0x49eb12ed87af72f!8m2!3d38.978800199999995!4d-0.18182689999999999","https://www.google.com/maps/place/CREMALIA+Tanatorio+-+Crematorio+mascotas/@38.978800199999995,-0.18182689999999999,13.99z/data=!4m16!1m7!3m6!1s0xd61e92af7a2588b:0x49eb12ed87af72f!2sCREMALIA+Tanatorio+-+Crematorio+mascotas!8m2!3d38.978800199999995!4d-0.18182689999999999!16s%2Fg%2F11ckvg1dmb!3m7!1s0xd61e92af7a2588b:0x49eb12ed87af72f!8m2!3d38.978800199999995!4d-0.18182689999999999!9m1!1b1!16s%2Fg%2F11ckvg1dmb?entry=ttu",ChIJi1ii9yrpYQ0RL_d62C6xngQ,"3,33E+17","3,33E+17",cremalia-tanatorio--crematorio-mascotas,Comunidad Valenciana,,0,1,"Accesibilidad: Acceso para sillas de ruedas: Sí, Aparcamiento adaptado para sillas de ruedas: Sí, Aseo adaptado para sillas de ruedas: Sí, Aparcamiento: Con aparcamiento propio: Sí",,,,
Tanatomascota,Funeraria,+34 983 50 98 13,https://tanatomascota.com/,"C. Pirita, 10, 47012 Valladolid","C. Pirita, 10",Valladolid,,Valladolid,47012,41.6230429,-4.7064545,4.9,63,https://search.google.com/local/reviews?placeid=ChIJVz9thzsTRw0RDujDkNcJ3Ko&q=*&authuser=0&hl=es&gl=ES,"{""1"": 1, ""2"": 0, ""3"": 0, ""4"": 1, ""5"": 61}",1,0,0,1,61,https://lh3.googleusercontent.com/p/AF1QipM8lxyxU_1ecKpRu61Nrka0ez8VMoevLA3JJck5=w800-h500-k-no,https://lh3.googleusercontent.com/p/AF1QipM8lxyxU_1ecKpRu61Nrka0ez8VMoevLA3JJck5=w1600-h1000-k-no,https://lh3.googleusercontent.com/-QQeM7BMVHEI/AAAAAAAAAAI/AAAAAAAAAAA/JcrrUxMwT3c/s44-p-k-no-ns-nd/photo.jpg,OPERATIONAL,"{""lunes"": ""10:30-14:30"", ""martes"": ""10:30-14:30"", ""miércoles"": ""10:30-14:30"", ""jueves"": ""10:30-14:30"", ""viernes"": ""10:30-14:30"", ""sábado"": ""10:00-14:00"", ""domingo"": ""Cerrado""}",,,,,"{""Accesibilidad"": {""Acceso para sillas de ruedas"": true, ""Aparcamiento adaptado para sillas de ruedas"": true}}",,1,"https://www.google.com/maps/place/Tanatomascota/@41.6230429,-4.7064544999999995,14z/data=!4m8!1m2!2m1!1sTanatomascota!3m4!1s0xd47133b876d3f57:0xaadc09d790c3e80e!8m2!3d41.6230429!4d-4.7064544999999995","https://www.google.com/maps/place/Tanatomascota/@41.6230429,-4.7064544999999995,13.99z/data=!4m16!1m7!3m6!1s0xd47133b876d3f57:0xaadc09d790c3e80e!2sTanatomascota!8m2!3d41.6230429!4d-4.7064544999999995!16s%2Fg%2F11ckvg1dmb!3m7!1s0xd47133b876d3f57:0xaadc09d790c3e80e!8m2!3d41.6230429!4d-4.7064544999999995!9m1!1b1!16s%2Fg%2F11ckvg1dmb?entry=ttu",ChIJVz9thzsTRw0RDujDkNcJ3Ko,"1,23E+19","-6,14E+18",tanatomascota,Castilla y León,,0,1,"Accesibilidad: Acceso para sillas de ruedas: Sí, Aparcamiento adaptado para sillas de ruedas: Sí",,,,
Cresma Castellón tanatorio de mascotas,,+34 963 31 30 27,http://www.cresma.es/,"C. Cuadra Morteras, 11c, 12006 Castellón de la Plana, Castellón","C. Cuadra Morteras, 11c",Castellón de la Plana,,Castellón,12006,39.9777037,-0.078498,4.9,16,https://search.google.com/local/reviews?placeid=ChIJK04UWEz-Xw0R2EH3Lu_SY4E&q=*&authuser=0&hl=es&gl=ES,"{""1"": 0, ""2"": 0, ""3"": 0, ""4"": 1, ""5"": 15}",0,0,0,1,15,https://lh3.googleusercontent.com/p/AF1QipPiTtGu74wIfAeoeUMQ5bS-2874zM_Bt-jGWb5Y=w800-h500-k-no,https://lh3.googleusercontent.com/p/AF1QipPiTtGu74wIfAeoeUMQ5bS-2874zM_Bt-jGWb5Y=w1600-h1000-k-no,https://lh6.googleusercontent.com/-DlHeRw41sxg/AAAAAAAAAAI/AAAAAAAAAAA/T14jK0PBgvA/s44-p-k-no-ns-nd/photo.jpg,OPERATIONAL,,,,,,"{""Accesibilidad"": {""Acceso para sillas de ruedas"": true, ""Aseo adaptado para sillas de ruedas"": true}, ""Servicios"": {""Aseos unisex"": true}}",,1,"https://www.google.com/maps/place/Cresma+Castell%C3%B3n+tanatorio+de+mascotas/@39.9777037,-0.078498,14z/data=!4m8!1m2!2m1!1sCresma+Castell%C3%B3n+tanatorio+de+mascotas!3m4!1s0xd5ffe4c58144e2b:0x8163d2ef2ef741d8!8m2!3d39.9777037!4d-0.078498","https://www.google.com/maps/place/Cresma+Castell%C3%B3n+tanatorio+de+mascotas/@39.9777037,-0.078498,13.99z/data=!4m16!1m7!3m6!1s0xd5ffe4c58144e2b:0x8163d2ef2ef741d8!2sCresma+Castell%C3%B3n+tanatorio+de+mascotas!8m2!3d39.9777037!4d-0.078498!16s%2Fg%2F11ckvg1dmb!3m7!1s0xd5ffe4c58144e2b:0x8163d2ef2ef741d8!8m2!3d39.9777037!4d-0.078498!9m1!1b1!16s%2Fg%2F11ckvg1dmb?entry=ttu",ChIJK04UWEz-Xw0R2EH3Lu_SY4E,"9,32E+18","-9,12E+18",cresma-castellon-tanatorio-de-mascotas,Comunidad Valenciana,,0,1,"Accesibilidad: Acceso para sillas de ruedas: Sí, Aseo adaptado para sillas de ruedas: Sí, Servicios: Aseos unisex: Sí",,,,
"Tanatorio de Mascotas en Barcelona ""Su Amor Deja Huella""","Servicio de cremación, Serveis funeraris per a animals de companyia, Funeraria",+34 613 15 15 58,https://crematoridemascotes.com/%3Futm_source%3Dgoogle%26utm_medium%3Dmy%2Bbusiness%26utm_campaign%3Dmy%2Bbusiness,"Carrer de l'Energia, 32, Sants-Montjuïc, 08038 Barcelona","Carrer de l'Energia, 32",Barcelona,Sants-Montjuïc,Barcelona,8038,41.3602572,2.1351688,5,32,https://search.google.com/local/reviews?placeid=ChIJG1kSODyZpBIRhuSgNymBImU&q=*&authuser=0&hl=es&gl=ES,"{""1"": 0, ""2"": 0, ""3"": 0, ""4"": 1, ""5"": 31}",0,0,0,1,31,https://lh3.googleusercontent.com/p/AF1QipOn17thw78q996Gh8dTRRxfsgabTGjkO3A47oUd=w800-h500-k-no,https://lh3.googleusercontent.com/p/AF1QipOn17thw78q996Gh8dTRRxfsgabTGjkO3A47oUd=w1600-h1000-k-no,https://lh5.googleusercontent.com/-SMOFARYhSqw/AAAAAAAAAAI/AAAAAAAAAAA/ILq_5hGrFos/s44-p-k-no-ns-nd/photo.jpg,OPERATIONAL,"{""lunes"": ""9:00-18:00"", ""martes"": ""9:00-18:00"", ""miércoles"": ""9:00-18:00"", ""jueves"": ""9:00-18:00"", ""viernes"": ""9:00-18:00"", ""sábado"": ""9:00-18:00"", ""domingo"": ""9:00-18:00""}",,,,,"{""Opciones de servicio"": {""Ofrece asistencia en otros idiomas"": true}, ""Accesibilidad"": {""Acceso para sillas de ruedas"": true}}",,1,"https://www.google.com/maps/place/Tanatorio+de+Mascotas+en+Barcelona+%22Su+Amor+Deja+Huella%22/@41.3602572,2.1351687999999998,14z/data=!4m8!1m2!2m1!1sTanatorio+de+Mascotas+en+Barcelona+%22Su+Amor+Deja+Huella%22!3m4!1s0x12a4993c3812591b:0x6522812937a0e486!8m2!3d41.3602572!4d2.1351687999999998","https://www.google.com/maps/place/Tanatorio+de+Mascotas+en+Barcelona+%22Su+Amor+Deja+Huella%22/@41.3602572,2.1351687999999998,13.99z/data=!4m16!1m7!3m6!1s0x12a4993c3812591b:0x6522812937a0e486!2sTanatorio+de+Mascotas+en+Barcelona+%22Su+Amor+Deja+Huella%22!8m2!3d41.3602572!4d2.1351687999999998!16s%2Fg%2F11ckvg1dmb!3m7!1s0x12a4993c3812591b:0x6522812937a0e486!8m2!3d41.3602572!4d2.1351687999999998!9m1!1b1!16s%2Fg%2F11ckvg1dmb?entry=ttu",ChIJG1kSODyZpBIRhuSgNymBImU,"7,29E+18","7,29E+18","tanatorio-de-mascotas-en-barcelona-""su-amor-deja-huella""",Cataluña,,0,1,"Opciones de servicio: Ofrece asistencia en otros idiomas: Sí, Accesibilidad: Acceso para sillas de ruedas: Sí",,,,
mascarol,"Servicio de cremación, Funeraria, Planta incineradora",+34 937 13 22 70,https://www.tanatoridemascotes.com/ca/valles-mascarol,"Camí de la serra, 08213 Polinyà, Barcelona",Camí de la serra,Polinyà,,Barcelona,8213,41.5465646,2.1507939,4.8,564,https://search.google.com/local/reviews?placeid=ChIJu5rqW9G_pBIR3c_xS64YDzE&q=*&authuser=0&hl=es&gl=ES,"{""1"": 8, ""2"": 5, ""3"": 12, ""4"": 62, ""5"": 477}",8,5,12,62,477,https://lh3.googleusercontent.com/gps-cs-s/AG0ilSwzv01l761xxwx0oUgHNBXwneCmcWhHmF3i3Wq57v5VKUczCnRwppZG2zt3H-LL2shZEtG4WdMrRRBbBlxJy2b2a6Q7zZ1zacdrDh1Svg6snPBOUduVJevy1bn0Cbz1kLDWIhjv=w800-h500-k-no,https://lh3.googleusercontent.com/gps-cs-s/AG0ilSwzv01l761xxwx0oUgHNBXwneCmcWhHmF3i3Wq57v5VKUczCnRwppZG2zt3H-LL2shZEtG4WdMrRRBbBlxJy2b2a6Q7zZ1zacdrDh1Svg6snPBOUduVJevy1bn0Cbz1kLDWIhjv=w1600-h1000-k-no,https://lh4.googleusercontent.com/-5XziPvSuy2k/AAAAAAAAAAI/AAAAAAAAAAA/zVlWsOEcHF8/s44-p-k-no-ns-nd/photo.jpg,OPERATIONAL,"{""lunes"": ""9:00-20:00"", ""martes"": ""9:00-20:00"", ""miércoles"": ""9:00-20:00"", ""jueves"": ""9:00-20:00"", ""viernes"": ""9:00-20:00"", ""sábado"": ""9:00-13:00"", ""domingo"": ""Cerrado""}",,,,,"{""Accesibilidad"": {""Acceso para sillas de ruedas"": true, ""Aparcamiento adaptado para sillas de ruedas"": true}}",,1,"https://www.google.com/maps/place/mascarol/@41.546564599999996,2.1507939,14z/data=!4m8!1m2!2m1!1smascarol!3m4!1s0x12a4bfd15bea9abb:0x310f18ae4bf1cfdd!8m2!3d41.546564599999996!4d2.1507939","https://www.google.com/maps/place/mascarol/@41.546564599999996,2.1507939,13.99z/data=!4m16!1m7!3m6!1s0x12a4bfd15bea9abb:0x310f18ae4bf1cfdd!2smascarol!8m2!3d41.546564599999996!4d2.1507939!16s%2Fg%2F11ckvg1dmb!3m7!1s0x12a4bfd15bea9abb:0x310f18ae4bf1cfdd!8m2!3d41.546564599999996!4d2.1507939!9m1!1b1!16s%2Fg%2F11ckvg1dmb?entry=ttu",ChIJu5rqW9G_pBIR3c_xS64YDzE,"3,54E+18","3,54E+18",mascarol,Cataluña,,0,1,"Accesibilidad: Acceso para sillas de ruedas: Sí, Aparcamiento adaptado para sillas de ruedas: Sí",,,,
Arco Iris Pets Barcelona - Incinerar mascotas,Serveis funeraris per a animals de companyia,+34 936 94 05 17,https://arcoirispets.com/incineracion-mascotas-barcelona/,"Carrer de los Castillejos, 296, Eixample, 08025 Barcelona","Carrer de los Castillejos, 296",Barcelona,Eixample,Barcelona,8025,41.4082084,2.1762686,,,,,,,,,,https://lh3.googleusercontent.com/p/AF1QipN63pFO2sT4n8x6OIX6O3INmLxoq5lL6H2aQWdv=w800-h500-k-no,https://lh3.googleusercontent.com/p/AF1QipN63pFO2sT4n8x6OIX6O3INmLxoq5lL6H2aQWdv=w1600-h1000-k-no,https://lh5.googleusercontent.com/-hi9ZjR00cPA/AAAAAAAAAAI/AAAAAAAAAAA/zd2oivIg6x4/s44-p-k-no-ns-nd/photo.jpg,OPERATIONAL,"{""lunes"": ""Abierto 24 horas"", ""martes"": ""Abierto 24 horas"", ""miércoles"": ""Abierto 24 horas"", ""jueves"": ""Abierto 24 horas"", ""viernes"": ""Abierto 24 horas"", ""sábado"": ""Abierto 24 horas"", ""domingo"": ""Abierto 24 horas""}",,,,,"{""Información proporcionada por la empresa"": {""Se identifica como de propietarias mujeres"": true}, ""Opciones de servicio"": {""Ofrece asistencia en otros idiomas"": true}, ""Accesibilidad"": {""Acceso para sillas de ruedas"": true}, ""Other"": {""Se identifica como de propietarias mujeres"": true}}",,1,"https://www.google.com/maps/place/Arco+Iris+Pets+Barcelona+-+Incinerar+mascotas/@41.4082084,2.1762685999999998,14z/data=!4m8!1m2!2m1!1sArco+Iris+Pets+Barcelona+-+Incinerar+mascotas!3m4!1s0x12a4a3e737736dd1:0xa46dc2906cc9bdad!8m2!3d41.4082084!4d2.1762685999999998","https://www.google.com/maps/place/Arco+Iris+Pets+Barcelona+-+Incinerar+mascotas/@41.4082084,2.1762685999999998,13.99z/data=!4m16!1m7!3m6!1s0x12a4a3e737736dd1:0xa46dc2906cc9bdad!2sArco+Iris+Pets+Barcelona+-+Incinerar+mascotas!8m2!3d41.4082084!4d2.1762685999999998!16s%2Fg%2F11ckvg1dmb!3m7!1s0x12a4a3e737736dd1:0xa46dc2906cc9bdad!8m2!3d41.4082084!4d2.1762685999999998!9m1!1b1!16s%2Fg%2F11ckvg1dmb?entry=ttu",ChIJ0W1zN-ejpBIRrb3JbJDCbaQ,"1,18E+19",,arco-iris-pets-barcelona--incinerar-mascotas,Cataluña,,0,1,"Información proporcionada por la empresa: Se identifica como de propietarias mujeres: Sí, Opciones de servicio: Ofrece asistencia en otros idiomas: Sí, Accesibilidad: Acceso para sillas de ruedas: Sí, Other: Se identifica como de propietarias mujeres: Sí",,,,
Funeraria Provincial de Mascotas,Funeraria,+34 676 45 95 01,http://www.funerariademascotas.com/,"Av. Ntra. Sra. del Pilar, 39, 22400 Monzón, Huesca","Av. Ntra. Sra. del Pilar, 39",Monzón,,Huesca,22400,41.9106727,0.1892889,,,,,,,,,,https://streetviewpixels-pa.googleapis.com/v1/thumbnail?panoid=9hc539lSbBTiUlCst2RUmQ&cb_client=search.gws-prod.gps&w=800&h=500&yaw=143.51643&pitch=0&thumbfov=100,https://lh3.googleusercontent.com/p/AF1QipMELrroyvtEfmqEiFVgAiprKUZjrgaAx72ecyLS=w1600-h1000-k-no,https://lh4.googleusercontent.com/-VYVOo_VyHgE/AAAAAAAAAAI/AAAAAAAAAAA/Y4nEi1-O4-0/s44-p-k-no-ns-nd/photo.jpg,OPERATIONAL,"{""lunes"": ""Abierto 24 horas"", ""martes"": ""Abierto 24 horas"", ""miércoles"": ""Abierto 24 horas"", ""jueves"": ""Abierto 24 horas"", ""viernes"": ""Abierto 24 horas"", ""sábado"": ""Abierto 24 horas"", ""domingo"": ""Abierto 24 horas""}",,,,,"{""Accesibilidad"": {""Acceso para sillas de ruedas"": true, ""Aparcamiento adaptado para sillas de ruedas"": true}}",,1,"https://www.google.com/maps/place/Funeraria+Provincial+de+Mascotas/@41.9106727,0.18928889999999998,14z/data=!4m8!1m2!2m1!1sFuneraria+Provincial+de+Mascotas!3m4!1s0x12a777d506fd150f:0xae8ba253183e8dbf!8m2!3d41.9106727!4d0.18928889999999998","https://www.google.com/maps/place/Funeraria+Provincial+de+Mascotas/@41.9106727,0.18928889999999998,13.99z/data=!4m16!1m7!3m6!1s0x12a777d506fd150f:0xae8ba253183e8dbf!2sFuneraria+Provincial+de+Mascotas!8m2!3d41.9106727!4d0.18928889999999998!16s%2Fg%2F11ckvg1dmb!3m7!1s0x12a777d506fd150f:0xae8ba253183e8dbf!8m2!3d41.9106727!4d0.18928889999999998!9m1!1b1!16s%2Fg%2F11ckvg1dmb?entry=ttu",ChIJDxX9BtV3pxIRv40-GFOii64,"1,26E+19",,funeraria-provincial-de-mascotas,Aragón,,0,1,"Accesibilidad: Acceso para sillas de ruedas: Sí, Aparcamiento adaptado para sillas de ruedas: Sí",,,,
Tanatorio de Mascotas | San Antón,"Servicio de cremación, Cementerio de mascotas, Tienda de productos para mascotas",+34 659 55 50 89,https://tanatoriodemascotassananton.com/%3Futm_source%3Dgoogle%26utm_medium%3Dclic%26utm_campaign%3Dgoogle_maps,"Cam. de Herrera, S/N, 47193 Cistérniga, Valladolid","Cam. de Herrera, S/N",Cistérniga,,Valladolid,47193,41.6023668,-4.6841371,5,102,https://search.google.com/local/reviews?placeid=ChIJVVjipUMTRw0RYJ-jgSFT_Lg&q=*&authuser=0&hl=es&gl=ES,"{""1"": 0, ""2"": 0, ""3"": 0, ""4"": 1, ""5"": 101}",0,0,0,1,101,https://lh3.googleusercontent.com/p/AF1QipOZE2YeXKMMvEnNgn4kHR7DJK5HRCwtBmMRZIJ3=w800-h500-k-no,https://lh3.googleusercontent.com/p/AF1QipOZE2YeXKMMvEnNgn4kHR7DJK5HRCwtBmMRZIJ3=w1600-h1000-k-no,https://lh4.googleusercontent.com/-mD5EAUJGGEQ/AAAAAAAAAAI/AAAAAAAAAAA/n0JHPoTOawI/s44-p-k-no-ns-nd/photo.jpg,OPERATIONAL,"{""lunes"": ""10:00-14:00"", ""martes"": ""10:00-14:00"", ""miércoles"": ""10:00-14:00"", ""jueves"": ""10:00-14:00"", ""viernes"": ""10:00-14:00"", ""sábado"": ""10:00-13:00"", ""domingo"": ""Cerrado""}",,,,,"{""Accesibilidad"": {""Acceso para sillas de ruedas"": true, ""Aparcamiento adaptado para sillas de ruedas"": true}}",,1,"https://www.google.com/maps/place/Tanatorio+de+Mascotas+%7C+San+Ant%C3%B3n/@41.6023668,-4.6841371,14z/data=!4m8!1m2!2m1!1sTanatorio+de+Mascotas+%7C+San+Ant%C3%B3n!3m4!1s0xd471343a5e25855:0xb8fc532181a39f60!8m2!3d41.6023668!4d-4.6841371","https://www.google.com/maps/place/Tanatorio+de+Mascotas+%7C+San+Ant%C3%B3n/@41.6023668,-4.6841371,13.99z/data=!4m16!1m7!3m6!1s0xd471343a5e25855:0xb8fc532181a39f60!2sTanatorio+de+Mascotas+%7C+San+Ant%C3%B3n!8m2!3d41.6023668!4d-4.6841371!16s%2Fg%2F11ckvg1dmb!3m7!1s0xd471343a5e25855:0xb8fc532181a39f60!8m2!3d41.6023668!4d-4.6841371!9m1!1b1!16s%2Fg%2F11ckvg1dmb?entry=ttu",ChIJVVjipUMTRw0RYJ-jgSFT_Lg,"1,33E+19","-5,12E+18",tanatorio-de-mascotas-san-anton,Castilla y León,,0,1,"Accesibilidad: Acceso para sillas de ruedas: Sí, Aparcamiento adaptado para sillas de ruedas: Sí",,,,
Anubis Crematorio de mascotas,Servicio de cremación,+34 625 02 84 95,http://www.anubiscrematorio.com/,"Poligono industrial de la vega, C. Dehesa del Campo, nave 8, 13160 Torralba de Calatrava, Ciudad Real","Poligono industrial de la vega, C. Dehesa del Campo, nave 8",Torralba de Calatrava,,Ciudad Real,13160,39.0042463,-3.7491482,4.9,48,https://search.google.com/local/reviews?placeid=ChIJT_dtJ8vfaw0Rd_XwSFzW7Aw&q=*&authuser=0&hl=es&gl=ES,"{""1"": 1, ""2"": 0, ""3"": 1, ""4"": 1, ""5"": 45}",1,0,1,1,45,https://lh3.googleusercontent.com/gps-cs-s/AG0ilSysG9EaZ88tX3kjnTZ0v10X7ARC3yt2joe3Wy01JyPTy3XNTYPw2P03qZpZ1G-885YMa0IQPgEarujYWpOQa76P4CM2IwxOM9PfRZDjBdKCrgu5U9EoI3SnYBRRzunK9Xnz6sWu=w800-h500-k-no,https://lh3.googleusercontent.com/gps-cs-s/AG0ilSysG9EaZ88tX3kjnTZ0v10X7ARC3yt2joe3Wy01JyPTy3XNTYPw2P03qZpZ1G-885YMa0IQPgEarujYWpOQa76P4CM2IwxOM9PfRZDjBdKCrgu5U9EoI3SnYBRRzunK9Xnz6sWu=w1600-h1000-k-no,https://lh5.googleusercontent.com/-Qwvxtdz7A0c/AAAAAAAAAAI/AAAAAAAAAAA/w7qzb_kk9a4/s44-p-k-no-ns-nd/photo.jpg,OPERATIONAL,"{""lunes"": ""10:00-14:00"", ""martes"": ""Cerrado"", ""miércoles"": ""10:00-14:00"", ""jueves"": ""Cerrado"", ""viernes"": ""10:00-14:00"", ""sábado"": ""10:00-13:00"", ""domingo"": ""Cerrado""}",,,,,"{""Accesibilidad"": {""Acceso para sillas de ruedas"": true, ""Aparcamiento adaptado para sillas de ruedas"": true}}",,1,"https://www.google.com/maps/place/Anubis+Crematorio+de+mascotas/@39.0042463,-3.7491482,14z/data=!4m8!1m2!2m1!1sAnubis+Crematorio+de+mascotas!3m4!1s0xd6bdfcb276df74f:0xcecd65c48f0f577!8m2!3d39.0042463!4d-3.7491482","https://www.google.com/maps/place/Anubis+Crematorio+de+mascotas/@39.0042463,-3.7491482,13.99z/data=!4m16!1m7!3m6!1s0xd6bdfcb276df74f:0xcecd65c48f0f577!2sAnubis+Crematorio+de+mascotas!8m2!3d39.0042463!4d-3.7491482!16s%2Fg%2F11ckvg1dmb!3m7!1s0xd6bdfcb276df74f:0xcecd65c48f0f577!8m2!3d39.0042463!4d-3.7491482!9m1!1b1!16s%2Fg%2F11ckvg1dmb?entry=ttu",ChIJT_dtJ8vfaw0Rd_XwSFzW7Aw,"9,31E+17","9,31E+17",anubis-crematorio-de-mascotas,Castilla-La Mancha,,0,1,"Accesibilidad: Acceso para sillas de ruedas: Sí, Aparcamiento adaptado para sillas de ruedas: Sí",,,,
"Huella Amiga Terrassa - Cremación de mascotas: Perros, gatos, aves y más",Serveis funeraris per a animals de companyia,+34 937 37 26 97,https://huellaamiga.net/barcelona/incineracion-mascotas-terrassa,"Carrer de Severo Ochoa, 202, 08224 Terrassa, Barcelona","Carrer de Severo Ochoa, 202",Terrassa,,Barcelona,8224,41.5621261,2.0011717,5,1,https://search.google.com/local/reviews?placeid=ChIJN7e7s7yTpBIRhJe0NjJuWEw&q=*&authuser=0&hl=es&gl=ES,"{""1"": 0, ""2"": 0, ""3"": 0, ""4"": 0, ""5"": 1}",0,0,0,0,1,https://lh3.googleusercontent.com/p/AF1QipMVdhjPnky2Xm1YgxTqMvycv3iCqoCc6SSnLFdT=w800-h500-k-no,https://lh3.googleusercontent.com/p/AF1QipMVdhjPnky2Xm1YgxTqMvycv3iCqoCc6SSnLFdT=w1600-h1000-k-no,https://lh5.googleusercontent.com/-Oh0YLtdaWss/AAAAAAAAAAI/AAAAAAAAAAA/i6n7m9y4Jmw/s44-p-k-no-ns-nd/photo.jpg,OPERATIONAL,"{""lunes"": ""Abierto 24 horas"", ""martes"": ""Abierto 24 horas"", ""miércoles"": ""Abierto 24 horas"", ""jueves"": ""Abierto 24 horas"", ""viernes"": ""Abierto 24 horas"", ""sábado"": ""Abierto 24 horas"", ""domingo"": ""Abierto 24 horas""}",,,,,"{""Clientela"": {""Amigable con la comunidad LGTBI+"": true, ""Espacio seguro para personas transgénero"": true}, ""Other"": {""Amigable con la comunidad LGTBI+"": true}}",,1,"https://www.google.com/maps/place/Huella+Amiga+Terrassa+-+Cremaci%C3%B3n+de+mascotas%3A+Perros%2C+gatos%2C+aves+y+m%C3%A1s/@41.5621261,2.0011717,14z/data=!4m8!1m2!2m1!1sHuella+Amiga+Terrassa+-+Cremaci%C3%B3n+de+mascotas%3A+Perros%2C+gatos%2C+aves+y+m%C3%A1s!3m4!1s0x12a493bcb3bbb737:0x4c586e3236b49784!8m2!3d41.5621261!4d2.0011717","https://www.google.com/maps/place/Huella+Amiga+Terrassa+-+Cremaci%C3%B3n+de+mascotas%3A+Perros%2C+gatos%2C+aves+y+m%C3%A1s/@41.5621261,2.0011717,13.99z/data=!4m16!1m7!3m6!1s0x12a493bcb3bbb737:0x4c586e3236b49784!2sHuella+Amiga+Terrassa+-+Cremaci%C3%B3n+de+mascotas%3A+Perros%2C+gatos%2C+aves+y+m%C3%A1s!8m2!3d41.5621261!4d2.0011717!16s%2Fg%2F11ckvg1dmb!3m7!1s0x12a493bcb3bbb737:0x4c586e3236b49784!8m2!3d41.5621261!4d2.0011717!9m1!1b1!16s%2Fg%2F11ckvg1dmb?entry=ttu",ChIJN7e7s7yTpBIRhJe0NjJuWEw,"5,50E+18","5,50E+18",huella-amiga-terrassa--cremacion-de-mascotas-perros-gatos-aves-y-mas,Cataluña,,0,1,"Clientela: Amigable con la comunidad LGTBI+: Sí, Espacio seguro para personas transgénero: Sí, Other: Amigable con la comunidad LGTBI+: Sí",,,,
"Huella Amiga Badalona - Cremación de mascotas: Perros, gatos, aves y más",Serveis funeraris per a animals de companyia,+34 937 37 26 97,https://huellaamiga.net/barcelona/incineracion-mascotas-sabadell,"C/ Temple, 20, Gràcia, 08911 Badalona, Barcelona","C/ Temple, 20",Badalona,Gràcia,Barcelona,8911,41.4021849,2.1679799,5,1,https://search.google.com/local/reviews?placeid=ChIJldx-7U27pBIRWepVUIvGSuo&q=*&authuser=0&hl=es&gl=ES,"{""1"": 0, ""2"": 0, ""3"": 0, ""4"": 0, ""5"": 1}",0,0,0,0,1,https://lh3.googleusercontent.com/p/AF1QipM8YiwAuDH0PKAkIk0xWtBBgLDD7I5KXCGBSWa3=w800-h500-k-no,https://lh3.googleusercontent.com/p/AF1QipM8YiwAuDH0PKAkIk0xWtBBgLDD7I5KXCGBSWa3=w1600-h1000-k-no,https://lh4.googleusercontent.com/-2ocOHuQuLys/AAAAAAAAAAI/AAAAAAAAAAA/dda9cQ-MSo0/s44-p-k-no-ns-nd/photo.jpg,OPERATIONAL,"{""lunes"": ""Abierto 24 horas"", ""martes"": ""Abierto 24 horas"", ""miércoles"": ""Abierto 24 horas"", ""jueves"": ""Abierto 24 horas"", ""viernes"": ""Abierto 24 horas"", ""sábado"": ""Abierto 24 horas"", ""domingo"": ""Abierto 24 horas""}",,,,,"{""Clientela"": {""Amigable con la comunidad LGTBI+"": true, ""Espacio seguro para personas transgénero"": true}, ""Other"": {""Amigable con la comunidad LGTBI+"": true}}",,1,"https://www.google.com/maps/place/Huella+Amiga+Badalona+-+Cremaci%C3%B3n+de+mascotas%3A+Perros%2C+gatos%2C+aves+y+m%C3%A1s/@41.402184899999995,2.1679798999999997,14z/data=!4m8!1m2!2m1!1sHuella+Amiga+Badalona+-+Cremaci%C3%B3n+de+mascotas%3A+Perros%2C+gatos%2C+aves+y+m%C3%A1s!3m4!1s0x12a4bb4ded7edc95:0xea4ac68b5055ea59!8m2!3d41.402184899999995!4d2.1679798999999997","https://www.google.com/maps/place/Huella+Amiga+Badalona+-+Cremaci%C3%B3n+de+mascotas%3A+Perros%2C+gatos%2C+aves+y+m%C3%A1s/@41.402184899999995,2.1679798999999997,13.99z/data=!4m16!1m7!3m6!1s0x12a4bb4ded7edc95:0xea4ac68b5055ea59!2sHuella+Amiga+Badalona+-+Cremaci%C3%B3n+de+mascotas%3A+Perros%2C+gatos%2C+aves+y+m%C3%A1s!8m2!3d41.402184899999995!4d2.1679798999999997!16s%2Fg%2F11ckvg1dmb!3m7!1s0x12a4bb4ded7edc95:0xea4ac68b5055ea59!8m2!3d41.402184899999995!4d2.1679798999999997!9m1!1b1!16s%2Fg%2F11ckvg1dmb?entry=ttu",ChIJldx-7U27pBIRWepVUIvGSuo,"1,69E+19","-1,56E+18",huella-amiga-badalona--cremacion-de-mascotas-perros-gatos-aves-y-mas,Cataluña,,0,1,"Clientela: Amigable con la comunidad LGTBI+: Sí, Espacio seguro para personas transgénero: Sí, Other: Amigable con la comunidad LGTBI+: Sí",,,,
CREMASUR SEVILLA Tanatorio Crematorio de Mascotas 24 HORAS,Funeraria,+34 627 39 22 32,http://www.cremasurstore.es/,"C. Baleares, 275, Nave 278B, 41909 Salteras, Sevilla","C. Baleares, 275, Nave 278B",Salteras,,Sevilla,41909,37.464918,-6.0573776,5,500,https://search.google.com/local/reviews?placeid=ChIJBc5IcHtrEg0RtZluTbKDXus&q=*&authuser=0&hl=es&gl=ES,"{""1"": 0, ""2"": 0, ""3"": 1, ""4"": 5, ""5"": 494}",0,0,1,5,494,https://lh3.googleusercontent.com/gps-cs-s/AG0ilSw-AVkxTc2Hb2GA2TlzSAmDfk4w4i1OTtVSV2smFT0Fh1rGpViddqCd1kMRXwlRuVHr-wLmEoUiVL6nVFMugDgxy-qjyfo6Io3tDxsdMrIZAg7I2wlugsHuCzgrZHzJl2D5MEqs5g2CB4I=w800-h500-k-no,https://lh3.googleusercontent.com/gps-cs-s/AG0ilSw-AVkxTc2Hb2GA2TlzSAmDfk4w4i1OTtVSV2smFT0Fh1rGpViddqCd1kMRXwlRuVHr-wLmEoUiVL6nVFMugDgxy-qjyfo6Io3tDxsdMrIZAg7I2wlugsHuCzgrZHzJl2D5MEqs5g2CB4I=w1600-h1000-k-no,https://lh5.googleusercontent.com/-4FD5QGrceJY/AAAAAAAAAAI/AAAAAAAAAAA/qpo-b49v_6w/s44-p-k-no-ns-nd/photo.jpg,OPERATIONAL,"{""lunes"": ""Abierto 24 horas"", ""martes"": ""Abierto 24 horas"", ""miércoles"": ""Abierto 24 horas"", ""jueves"": ""Abierto 24 horas"", ""viernes"": ""Abierto 24 horas"", ""sábado"": ""Abierto 24 horas"", ""domingo"": ""Abierto 24 horas""}",,,,,"{""Opciones de servicio"": {""Ofrece asistencia en otros idiomas"": true}, ""Accesibilidad"": {""Acceso para sillas de ruedas"": true, ""Aparcamiento adaptado para sillas de ruedas"": true, ""Aseo adaptado para sillas de ruedas"": true}, ""Servicios"": {""Aseos unisex"": true}, ""Aparcamiento"": {""Aparcamiento en la calle gratuito"": true}}",,1,"https://www.google.com/maps/place/CREMASUR+SEVILLA+Tanatorio+Crematorio+de+Mascotas+24+HORAS/@37.464918,-6.0573776,14z/data=!4m8!1m2!2m1!1sCREMASUR+SEVILLA+Tanatorio+Crematorio+de+Mascotas+24+HORAS!3m4!1s0xd126b7b7048ce05:0xeb5e83b24d6e99b5!8m2!3d37.464918!4d-6.0573776","https://www.google.com/maps/place/CREMASUR+SEVILLA+Tanatorio+Crematorio+de+Mascotas+24+HORAS/@37.464918,-6.0573776,13.99z/data=!4m16!1m7!3m6!1s0xd126b7b7048ce05:0xeb5e83b24d6e99b5!2sCREMASUR+SEVILLA+Tanatorio+Crematorio+de+Mascotas+24+HORAS!8m2!3d37.464918!4d-6.0573776!16s%2Fg%2F11ckvg1dmb!3m7!1s0xd126b7b7048ce05:0xeb5e83b24d6e99b5!8m2!3d37.464918!4d-6.0573776!9m1!1b1!16s%2Fg%2F11ckvg1dmb?entry=ttu",ChIJBc5IcHtrEg0RtZluTbKDXus,"1,70E+19","-1,49E+18",cremasur-sevilla-tanatorio-crematorio-de-mascotas-24-horas,Andalucía,,0,1,"Opciones de servicio: Ofrece asistencia en otros idiomas: Sí, Accesibilidad: Acceso para sillas de ruedas: Sí, Aparcamiento adaptado para sillas de ruedas: Sí, Aseo adaptado para sillas de ruedas: Sí, Servicios: Aseos unisex: Sí, Aparcamiento: Aparcamiento en la calle gratuito: Sí",,,,
Cementerio mascotas,Asociación u organización,,,"Carretera de Caldes, 345, 08208 Sabadell, Barcelona","Carretera de Caldes, 345",Sabadell,,Barcelona,8208,41.5625341,2.1207861,4.6,5,https://search.google.com/local/reviews?placeid=ChIJE2et-t6VpBIRDEVhsFx0jDw&q=*&authuser=0&hl=es&gl=ES,"{""1"": 0, ""2"": 0, ""3"": 0, ""4"": 2, ""5"": 3}",0,0,0,2,3,https://lh3.googleusercontent.com/gps-cs-s/AG0ilSyqJspkMGHEhX91vA39uHl2IuP2IfL5Zk8FU24L6pSSMZD9VpEsD6S1oP2TzguK6FZUWx1edIgxaXULXfHw87AfPCJnhT-_VXXZ-oaSbbxZtbA6WZX7yHeS8C1UAnwgHxPCn5M=w800-h500-k-no,https://lh3.googleusercontent.com/gps-cs-s/AG0ilSyqJspkMGHEhX91vA39uHl2IuP2IfL5Zk8FU24L6pSSMZD9VpEsD6S1oP2TzguK6FZUWx1edIgxaXULXfHw87AfPCJnhT-_VXXZ-oaSbbxZtbA6WZX7yHeS8C1UAnwgHxPCn5M=w1600-h1000-k-no,,OPERATIONAL,,,,,,,,0,"https://www.google.com/maps/place/Cementerio+mascotas/@41.5625341,2.1207861,14z/data=!4m8!1m2!2m1!1sCementerio+mascotas!3m4!1s0x12a495defaad6713:0x3c8c745cb061450c!8m2!3d41.5625341!4d2.1207861","https://www.google.com/maps/place/Cementerio+mascotas/@41.5625341,2.1207861,13.99z/data=!4m16!1m7!3m6!1s0x12a495defaad6713:0x3c8c745cb061450c!2sCementerio+mascotas!8m2!3d41.5625341!4d2.1207861!16s%2Fg%2F11ckvg1dmb!3m7!1s0x12a495defaad6713:0x3c8c745cb061450c!8m2!3d41.5625341!4d2.1207861!9m1!1b1!16s%2Fg%2F11ckvg1dmb?entry=ttu",ChIJE2et-t6VpBIRDEVhsFx0jDw,"4,36E+18","4,36E+18",cementerio-mascotas,Cataluña,,0,1,,,,,
"Fune Mascotas Fuengirola - Incinerar perros, gatos y otras mascotas",,+34 951 82 30 99,https://funemascotas.com/malaga/incineracion-mascotas-fuengirola,"Calle Buganvillas, 13, 29640 Fuengirola, Málaga","Calle Buganvillas, 13",Fuengirola,,Málaga,29640,36.5596887,-4.6147166,,,,,,,,,,https://lh3.googleusercontent.com/p/AF1QipOIvphX6_SU6kwNElTPBOi0vgHQSlUaLfJkY85d=w800-h500-k-no,https://lh3.googleusercontent.com/p/AF1QipOIvphX6_SU6kwNElTPBOi0vgHQSlUaLfJkY85d=w1600-h1000-k-no,https://lh4.googleusercontent.com/-BKlz5RwnLrs/AAAAAAAAAAI/AAAAAAAAAAA/ygvH1DDC3HM/s44-p-k-no-ns-nd/photo.jpg,OPERATIONAL,"{""lunes"": ""Abierto 24 horas"", ""martes"": ""Abierto 24 horas"", ""miércoles"": ""Abierto 24 horas"", ""jueves"": ""Abierto 24 horas"", ""viernes"": ""Abierto 24 horas"", ""sábado"": ""Abierto 24 horas"", ""domingo"": ""Abierto 24 horas""}",,,,,"{""Accesibilidad"": {""Acceso para sillas de ruedas"": true}, ""Clientela"": {""Amigable con la comunidad LGTBI+"": true, ""Espacio seguro para personas transgénero"": true}, ""Other"": {""Amigable con la comunidad LGTBI+"": true}}",,1,"https://www.google.com/maps/place/Fune+Mascotas+Fuengirola+-+Incinerar+perros%2C+gatos+y+otras+mascotas/@36.559688699999995,-4.6147165999999995,14z/data=!4m8!1m2!2m1!1sFune+Mascotas+Fuengirola+-+Incinerar+perros%2C+gatos+y+otras+mascotas!3m4!1s0xd72e38246f148bf:0x59a187ee0b9ea68b!8m2!3d36.559688699999995!4d-4.6147165999999995","https://www.google.com/maps/place/Fune+Mascotas+Fuengirola+-+Incinerar+perros%2C+gatos+y+otras+mascotas/@36.559688699999995,-4.6147165999999995,13.99z/data=!4m16!1m7!3m6!1s0xd72e38246f148bf:0x59a187ee0b9ea68b!2sFune+Mascotas+Fuengirola+-+Incinerar+perros%2C+gatos+y+otras+mascotas!8m2!3d36.559688699999995!4d-4.6147165999999995!16s%2Fg%2F11ckvg1dmb!3m7!1s0xd72e38246f148bf:0x59a187ee0b9ea68b!8m2!3d36.559688699999995!4d-4.6147165999999995!9m1!1b1!16s%2Fg%2F11ckvg1dmb?entry=ttu",ChIJv0jxRoLjcg0Ri6aeC-6HoVk,"6,46E+18",,fune-mascotas-fuengirola--incinerar-perros-gatos-y-otras-mascotas,Andalucía,,0,1,"Accesibilidad: Acceso para sillas de ruedas: Sí, Clientela: Amigable con la comunidad LGTBI+: Sí, Espacio seguro para personas transgénero: Sí, Other: Amigable con la comunidad LGTBI+: Sí",,,,
Anima Crematorio de Animales,,+34 628 15 49 39,https://www.animacrematorio.com/,"Pol. Ind, Txirrita-Maleo Biribil, NAVE 5N-5P, 20100 Errenteria, Gipuzkoa","Pol. Ind, Txirrita-Maleo Biribil, NAVE 5N-5P",Errenteria,,Gipuzkoa,20100,43.3036089,-1.9083917,5,30,https://search.google.com/local/reviews?placeid=ChIJh7B3vu2vUQ0RQk1OJMGOJLY&q=*&authuser=0&hl=es&gl=ES,"{""1"": 0, ""2"": 0, ""3"": 0, ""4"": 0, ""5"": 30}",0,0,0,0,30,https://lh3.googleusercontent.com/gps-cs-s/AG0ilSxgHpkIvKD3uMDYqB4aLyWNRZ68fBtJEW3G7eFkKfl0JVVTBWl1D5KlqAknGNIeH10ljjzESy7Z_ayPEEzl4A7YERdh28M3lzGJ2ZNrG0mQvHjOknJUX3hoW3_VL5I_p3FhnUifAQ=w800-h500-k-no,https://lh3.googleusercontent.com/gps-cs-s/AG0ilSxgHpkIvKD3uMDYqB4aLyWNRZ68fBtJEW3G7eFkKfl0JVVTBWl1D5KlqAknGNIeH10ljjzESy7Z_ayPEEzl4A7YERdh28M3lzGJ2ZNrG0mQvHjOknJUX3hoW3_VL5I_p3FhnUifAQ=w1600-h1000-k-no,https://lh4.googleusercontent.com/-bT0S0WoC6Kk/AAAAAAAAAAI/AAAAAAAAAAA/evRS0s1UQNo/s44-p-k-no-ns-nd/photo.jpg,OPERATIONAL,"{""lunes"": ""Abierto 24 horas"", ""martes"": ""Abierto 24 horas"", ""miércoles"": ""Abierto 24 horas"", ""jueves"": ""Abierto 24 horas"", ""viernes"": ""Abierto 24 horas"", ""sábado"": ""Abierto 24 horas"", ""domingo"": ""Abierto 24 horas""}",,,,,"{""Opciones de servicio"": {""Ofrece asistencia en otros idiomas"": true}, ""Accesibilidad"": {""Acceso para sillas de ruedas"": true, ""Aparcamiento adaptado para sillas de ruedas"": true}, ""Servicios"": {""Aseos unisex"": true}, ""Aparcamiento"": {""Aparcamiento en la calle gratuito"": true}}",,1,"https://www.google.com/maps/place/Anima+Crematorio+de+Animales/@43.3036089,-1.9083917,14z/data=!4m8!1m2!2m1!1sAnima+Crematorio+de+Animales!3m4!1s0xd51afedbe77b087:0xb6248ec1244e4d42!8m2!3d43.3036089!4d-1.9083917","https://www.google.com/maps/place/Anima+Crematorio+de+Animales/@43.3036089,-1.9083917,13.99z/data=!4m16!1m7!3m6!1s0xd51afedbe77b087:0xb6248ec1244e4d42!2sAnima+Crematorio+de+Animales!8m2!3d43.3036089!4d-1.9083917!16s%2Fg%2F11ckvg1dmb!3m7!1s0xd51afedbe77b087:0xb6248ec1244e4d42!8m2!3d43.3036089!4d-1.9083917!9m1!1b1!16s%2Fg%2F11ckvg1dmb?entry=ttu",ChIJh7B3vu2vUQ0RQk1OJMGOJLY,"1,31E+19","-5,32E+18",anima-crematorio-de-animales,País Vasco,,0,1,"Opciones de servicio: Ofrece asistencia en otros idiomas: Sí, Accesibilidad: Acceso para sillas de ruedas: Sí, Aparcamiento adaptado para sillas de ruedas: Sí, Servicios: Aseos unisex: Sí, Aparcamiento: Aparcamiento en la calle gratuito: Sí",,,,
Caelum Pets | Tanatorio y Crematorio de mascotas en Barcelona,"Servicio de cremación, Serveis funeraris per a animals de companyia, Cementerio de mascotas, Tienda de productos para mascotas",+34 919 93 15 38,https://www.caelumpets.com/,"Carrer Blanquers, 1, 08130 Santiga, Barcelona","Carrer Blanquers, 1",Santiga,,Barcelona,8130,41.5315599,2.1421296,5,3,https://search.google.com/local/reviews?placeid=ChIJDwFnBMmVpBIRTJJMX4LMXKg&q=*&authuser=0&hl=es&gl=ES,"{""1"": 0, ""2"": 0, ""3"": 0, ""4"": 0, ""5"": 3}",0,0,0,0,3,https://lh3.googleusercontent.com/p/AF1QipMy_jt6XlZGGRvnc7-wjvFB3BWA2v227-r6kNNX=w800-h500-k-no,https://lh3.googleusercontent.com/p/AF1QipMy_jt6XlZGGRvnc7-wjvFB3BWA2v227-r6kNNX=w1600-h1000-k-no,https://lh6.googleusercontent.com/-mxXC1t-wqCo/AAAAAAAAAAI/AAAAAAAAAAA/NS86RxPnW_E/s44-p-k-no-ns-nd/photo.jpg,OPERATIONAL,"{""lunes"": ""9:00-20:00"", ""martes"": ""9:00-20:00"", ""miércoles"": ""9:00-20:00"", ""jueves"": ""9:00-20:00"", ""viernes"": ""9:00-20:00"", ""sábado"": ""Cerrado"", ""domingo"": ""Cerrado""}",,,,,"{""Opciones de servicio"": {""Servicios en las instalaciones"": true, ""Ofrece asistencia en otros idiomas"": true}, ""Accesibilidad"": {""Acceso para sillas de ruedas"": true, ""Aparcamiento adaptado para sillas de ruedas"": true, ""Aseo adaptado para sillas de ruedas"": true}, ""Servicios"": {""Aseos unisex"": true}, ""Clientela"": {""Amigable con la comunidad LGTBI+"": true, ""Espacio seguro para personas transgénero"": true}, ""Aparcamiento"": {""Aparcamiento en la calle gratuito"": true, ""Parking gratuito"": true}, ""Other"": {""Amigable con la comunidad LGTBI+"": true}}",,1,"https://www.google.com/maps/place/Caelum+Pets+%7C+Tanatorio+y+Crematorio+de+mascotas+en+Barcelona/@41.5315599,2.1421296,14z/data=!4m8!1m2!2m1!1sCaelum+Pets+%7C+Tanatorio+y+Crematorio+de+mascotas+en+Barcelona!3m4!1s0x12a495c90467010f:0xa85ccc825f4c924c!8m2!3d41.5315599!4d2.1421296","https://www.google.com/maps/place/Caelum+Pets+%7C+Tanatorio+y+Crematorio+de+mascotas+en+Barcelona/@41.5315599,2.1421296,13.99z/data=!4m16!1m7!3m6!1s0x12a495c90467010f:0xa85ccc825f4c924c!2sCaelum+Pets+%7C+Tanatorio+y+Crematorio+de+mascotas+en+Barcelona!8m2!3d41.5315599!4d2.1421296!16s%2Fg%2F11ckvg1dmb!3m7!1s0x12a495c90467010f:0xa85ccc825f4c924c!8m2!3d41.5315599!4d2.1421296!9m1!1b1!16s%2Fg%2F11ckvg1dmb?entry=ttu",ChIJDwFnBMmVpBIRTJJMX4LMXKg,"1,21E+19","-6,31E+18",caelum-pets-tanatorio-y-crematorio-de-mascotas-en-barcelona,Cataluña,,0,1,"Opciones de servicio: Servicios en las instalaciones: Sí, Ofrece asistencia en otros idiomas: Sí, Accesibilidad: Acceso para sillas de ruedas: Sí, Aparcamiento adaptado para sillas de ruedas: Sí, Aseo adaptado para sillas de ruedas: Sí, Servicios: Aseos unisex: Sí, Clientela: Amigable con la comunidad LGTBI+: Sí, Espacio seguro para personas transgénero: Sí, Aparcamiento: Aparcamiento en la calle gratuito: Sí, Parking gratuito: Sí, Other: Amigable con la comunidad LGTBI+: Sí",,,,
"Fune Mascotas Zaragoza - Incinerar perros, gatos y otros animales",,+34 876 21 25 50,https://funemascotas.com/zaragoza/incineracion-mascotas-zaragoza/,"C/ de Felipe Sanclemente, 15, Casco Antiguo, 50001 Zaragoza","C/ de Felipe Sanclemente, 15",Zaragoza,Casco Antiguo,Zaragoza,50001,41.64955,-0.8809242,5,22,https://search.google.com/local/reviews?placeid=ChIJQdCApPcVWQ0RulbJi5v8O0c&q=*&authuser=0&hl=es&gl=ES,"{""1"": 0, ""2"": 0, ""3"": 0, ""4"": 0, ""5"": 22}",0,0,0,0,22,https://lh3.googleusercontent.com/p/AF1QipNEDe3QlMGsBOgnlphTQN4Wm3TXd5EmY0TaAcbm=w800-h500-k-no,https://lh3.googleusercontent.com/p/AF1QipNEDe3QlMGsBOgnlphTQN4Wm3TXd5EmY0TaAcbm=w1600-h1000-k-no,https://lh3.googleusercontent.com/-YJdgcPtYcxQ/AAAAAAAAAAI/AAAAAAAAAAA/GZA-a0NybaI/s44-p-k-no-ns-nd/photo.jpg,OPERATIONAL,"{""lunes"": ""Abierto 24 horas"", ""martes"": ""Abierto 24 horas"", ""miércoles"": ""Abierto 24 horas"", ""jueves"": ""Abierto 24 horas"", ""viernes"": ""Abierto 24 horas"", ""sábado"": ""Abierto 24 horas"", ""domingo"": ""Abierto 24 horas""}",,,,,"{""Accesibilidad"": {""Acceso para sillas de ruedas"": true}, ""Clientela"": {""Amigable con la comunidad LGTBI+"": true, ""Espacio seguro para personas transgénero"": true}, ""Other"": {""Amigable con la comunidad LGTBI+"": true}}",,1,"https://www.google.com/maps/place/Fune+Mascotas+Zaragoza+-+Incinerar+perros%2C+gatos+y+otros+animales/@41.64955,-0.8809241999999999,14z/data=!4m8!1m2!2m1!1sFune+Mascotas+Zaragoza+-+Incinerar+perros%2C+gatos+y+otros+animales!3m4!1s0xd5915f7a480d041:0x473bfc9b8bc956ba!8m2!3d41.64955!4d-0.8809241999999999","https://www.google.com/maps/place/Fune+Mascotas+Zaragoza+-+Incinerar+perros%2C+gatos+y+otros+animales/@41.64955,-0.8809241999999999,13.99z/data=!4m16!1m7!3m6!1s0xd5915f7a480d041:0x473bfc9b8bc956ba!2sFune+Mascotas+Zaragoza+-+Incinerar+perros%2C+gatos+y+otros+animales!8m2!3d41.64955!4d-0.8809241999999999!16s%2Fg%2F11ckvg1dmb!3m7!1s0xd5915f7a480d041:0x473bfc9b8bc956ba!8m2!3d41.64955!4d-0.8809241999999999!9m1!1b1!16s%2Fg%2F11ckvg1dmb?entry=ttu",ChIJQdCApPcVWQ0RulbJi5v8O0c,"5,13E+18","5,13E+18",fune-mascotas-zaragoza--incinerar-perros-gatos-y-otros-animales,Aragón,,0,1,"Accesibilidad: Acceso para sillas de ruedas: Sí, Clientela: Amigable con la comunidad LGTBI+: Sí, Espacio seguro para personas transgénero: Sí, Other: Amigable con la comunidad LGTBI+: Sí",,,,
Duin crematorio de animales,"Servicio de cremación, Funeraria",+34 948 46 00 34,http://www.duin.es/,"Pol. Ind. Noain-Esquiroz Calle T, 19 31191, Esquíroz, Navarra","Pol. Ind. Noain-Esquiroz Calle T, 19 31191",Esquíroz,,Navarra,31191,42.7774848,-1.6409769,5,101,https://search.google.com/local/reviews?placeid=ChIJW5igL-tDUA0Ro_jJXuN5wxY&q=*&authuser=0&hl=es&gl=ES,"{""1"": 0, ""2"": 0, ""3"": 0, ""4"": 1, ""5"": 100}",0,0,0,1,100,https://lh3.googleusercontent.com/p/AF1QipMOxcdYbi3k_HgL4lxAkCA8ZTe8NM3vkoxSPbcV=w800-h500-k-no,https://lh3.googleusercontent.com/p/AF1QipMOxcdYbi3k_HgL4lxAkCA8ZTe8NM3vkoxSPbcV=w1600-h1000-k-no,https://lh4.googleusercontent.com/-azno9VLlCbg/AAAAAAAAAAI/AAAAAAAAAAA/BsvQ64UvAb8/s44-p-k-no-ns-nd/photo.jpg,OPERATIONAL,"{""lunes"": ""9:00-20:00"", ""martes"": ""9:00-20:00"", ""miércoles"": ""9:00-20:00"", ""jueves"": ""9:00-20:00"", ""viernes"": ""9:00-20:00"", ""sábado"": ""10:30-13:30"", ""domingo"": ""Cerrado""}",,,,,"{""Opciones de servicio"": {""Servicios en las instalaciones"": true}, ""Accesibilidad"": {""Acceso para sillas de ruedas"": true, ""Aparcamiento adaptado para sillas de ruedas"": true}, ""Aparcamiento"": {""Aparcamiento en la calle gratuito"": true, ""Aparcamiento gratuito"": true}}",,1,"https://www.google.com/maps/place/Duin+crematorio+de+animales/@42.777484799999996,-1.6409768999999998,14z/data=!4m8!1m2!2m1!1sDuin+crematorio+de+animales!3m4!1s0xd5043eb2fa0985b:0x16c379e35ec9f8a3!8m2!3d42.777484799999996!4d-1.6409768999999998","https://www.google.com/maps/place/Duin+crematorio+de+animales/@42.777484799999996,-1.6409768999999998,13.99z/data=!4m16!1m7!3m6!1s0xd5043eb2fa0985b:0x16c379e35ec9f8a3!2sDuin+crematorio+de+animales!8m2!3d42.777484799999996!4d-1.6409768999999998!16s%2Fg%2F11ckvg1dmb!3m7!1s0xd5043eb2fa0985b:0x16c379e35ec9f8a3!8m2!3d42.777484799999996!4d-1.6409768999999998!9m1!1b1!16s%2Fg%2F11ckvg1dmb?entry=ttu",ChIJW5igL-tDUA0Ro_jJXuN5wxY,"1,64E+18","1,64E+18",duin-crematorio-de-animales,Comunidad Foral de Navarra,,0,1,"Opciones de servicio: Servicios en las instalaciones: Sí, Accesibilidad: Acceso para sillas de ruedas: Sí, Aparcamiento adaptado para sillas de ruedas: Sí, Aparcamiento: Aparcamiento en la calle gratuito: Sí, Aparcamiento gratuito: Sí",,,,
Tanatorio de Mascotas - Girona (Ineco),"Servicio de cremación, Funeraria, Cementerio de mascotas, Serveis funeraris per a animals de companyia, Servicio de gestión de residuos",+34 625 37 98 94,https://www.tanatoridemascotes.com/ca/girona,"Camino de la Riera, S/n, 17421 Riudarenes, Girona","Camino de la Riera, S/n",Riudarenes,,Girona,17421,41.8171067,2.7116339,4.7,105,https://search.google.com/local/reviews?placeid=ChIJ1TmbXWkhuxIRoL_HBqDsXQ8&q=*&authuser=0&hl=es&gl=ES,"{""1"": 6, ""2"": 0, ""3"": 1, ""4"": 2, ""5"": 96}",6,0,1,2,96,https://lh3.googleusercontent.com/gps-cs-s/AG0ilSx5rlToi7aWWTJUn-ch_G3Ey_OWj69mcwypZ1l_hIHpk4hY2ug43iIk-gYUm_jDNmjb3qxmyK_aihzujQ11E7VvtAY5O9-FMnluhdN13Ip9FniRtB2P0m9x9WQHdpyf1e6C7PUqag=w800-h500-k-no,https://lh3.googleusercontent.com/gps-cs-s/AG0ilSx5rlToi7aWWTJUn-ch_G3Ey_OWj69mcwypZ1l_hIHpk4hY2ug43iIk-gYUm_jDNmjb3qxmyK_aihzujQ11E7VvtAY5O9-FMnluhdN13Ip9FniRtB2P0m9x9WQHdpyf1e6C7PUqag=w1600-h1000-k-no,https://lh3.googleusercontent.com/-WCEvIFYdblQ/AAAAAAAAAAI/AAAAAAAAAAA/urbsmqik5sw/s44-p-k-no-ns-nd/photo.jpg,OPERATIONAL,"{""lunes"": ""9:00-20:00"", ""martes"": ""9:00-20:00"", ""miércoles"": ""9:00-20:00"", ""jueves"": ""9:00-20:00"", ""viernes"": ""9:00-20:00"", ""sábado"": ""9:00-13:00"", ""domingo"": ""Cerrado""}",,,,,"{""Accesibilidad"": {""Acceso para sillas de ruedas"": true, ""Aparcamiento adaptado para sillas de ruedas"": true}}",,1,"https://www.google.com/maps/place/Tanatorio+de+Mascotas+-+Girona+%28Ineco%29/@41.8171067,2.7116339,14z/data=!4m8!1m2!2m1!1sTanatorio+de+Mascotas+-+Girona+%28Ineco%29!3m4!1s0x12bb21695d9b39d5:0xf5deca006c7bfa0!8m2!3d41.8171067!4d2.7116339","https://www.google.com/maps/place/Tanatorio+de+Mascotas+-+Girona+%28Ineco%29/@41.8171067,2.7116339,13.99z/data=!4m16!1m7!3m6!1s0x12bb21695d9b39d5:0xf5deca006c7bfa0!2sTanatorio+de+Mascotas+-+Girona+%28Ineco%29!8m2!3d41.8171067!4d2.7116339!16s%2Fg%2F11ckvg1dmb!3m7!1s0x12bb21695d9b39d5:0xf5deca006c7bfa0!8m2!3d41.8171067!4d2.7116339!9m1!1b1!16s%2Fg%2F11ckvg1dmb?entry=ttu",ChIJ1TmbXWkhuxIRoL_HBqDsXQ8,"1,11E+18","1,11E+18",tanatorio-de-mascotas--girona-ineco,Cataluña,,0,1,"Accesibilidad: Acceso para sillas de ruedas: Sí, Aparcamiento adaptado para sillas de ruedas: Sí",,,,
LAGUN CREMATORIO-TANATORIO DE MASCOTAS,Planta incineradora,+34 678 08 90 88,,"Pol. Ind. Matsaria, Matsaria Kalea, 34, 2° Depart. 2A, 20600 Eibar, Gipuzkoa","Pol. Ind. Matsaria, Matsaria Kalea, 34, 2° Depart. 2A",Eibar,,Gipuzkoa,20600,43.1936764,-2.4680198,4.7,12,https://search.google.com/local/reviews?placeid=ChIJlUy-TdIrTg0Rnc96ztTZ9Uw&q=*&authuser=0&hl=es&gl=ES,"{""1"": 1, ""2"": 0, ""3"": 0, ""4"": 0, ""5"": 11}",1,0,0,0,11,https://lh3.googleusercontent.com/p/AF1QipNzkjNrzbtDC8xJIPsHsvNQZxVYftfe5yfViDIB=w800-h500-k-no,https://lh3.googleusercontent.com/p/AF1QipNzkjNrzbtDC8xJIPsHsvNQZxVYftfe5yfViDIB=w1600-h1000-k-no,https://lh6.googleusercontent.com/-kUOrj828bXs/AAAAAAAAAAI/AAAAAAAAAAA/0A8-PhT11z8/s44-p-k-no-ns-nd/photo.jpg,OPERATIONAL,"{""lunes"": ""9:00-13:00"", ""martes"": ""9:00-13:00"", ""miércoles"": ""9:00-13:00"", ""jueves"": ""9:00-13:00"", ""viernes"": ""8:00-13:00"", ""sábado"": ""Abierto 24 horas"", ""domingo"": ""Abierto 24 horas""}",,,,,"{""Accesibilidad"": {""Acceso para sillas de ruedas"": true, ""Aparcamiento adaptado para sillas de ruedas"": true}}",,1,"https://www.google.com/maps/place/LAGUN+CREMATORIO-TANATORIO+DE+MASCOTAS/@43.1936764,-2.4680198,14z/data=!4m8!1m2!2m1!1sLAGUN+CREMATORIO-TANATORIO+DE+MASCOTAS!3m4!1s0xd4e2bd24dbe4c95:0x4cf5d9d4ce7acf9d!8m2!3d43.1936764!4d-2.4680198","https://www.google.com/maps/place/LAGUN+CREMATORIO-TANATORIO+DE+MASCOTAS/@43.1936764,-2.4680198,13.99z/data=!4m16!1m7!3m6!1s0xd4e2bd24dbe4c95:0x4cf5d9d4ce7acf9d!2sLAGUN+CREMATORIO-TANATORIO+DE+MASCOTAS!8m2!3d43.1936764!4d-2.4680198!16s%2Fg%2F11ckvg1dmb!3m7!1s0xd4e2bd24dbe4c95:0x4cf5d9d4ce7acf9d!8m2!3d43.1936764!4d-2.4680198!9m1!1b1!16s%2Fg%2F11ckvg1dmb?entry=ttu",ChIJlUy-TdIrTg0Rnc96ztTZ9Uw,"5,55E+18","5,55E+18",lagun-crematorio-tanatorio-de-mascotas,País Vasco,,0,1,"Accesibilidad: Acceso para sillas de ruedas: Sí, Aparcamiento adaptado para sillas de ruedas: Sí",,,,
Albor - Incineración de mascotas,Cementerio de mascotas,+34 865 75 78 39,http://www.albormascotas.com/,"Pol. Ind. Cachapets, 65, 03330 Crevillent, Alicante","Pol. Ind. Cachapets, 65",Crevillent,,Alicante,3330,38.2238992,-0.8228958,5,49,https://search.google.com/local/reviews?placeid=ChIJI02JUGO7Yw0RG-u5zBf-O8Q&q=*&authuser=0&hl=es&gl=ES,"{""1"": 0, ""2"": 0, ""3"": 0, ""4"": 0, ""5"": 49}",0,0,0,0,49,https://lh3.googleusercontent.com/gps-cs-s/AG0ilSzhZSrhyzmLjOoCkW7kEb4qOtnTfbj988ZLoqDBXnoOk2B7LOrWBQ_pqzvFRH9_MtjEMDTYsO_Fb_8LshEiysh2jjhpi3HvHgFNIY0MwkT7ltiLyasPTaLUI8ThKXNesMB7CULJ=w800-h500-k-no,https://lh3.googleusercontent.com/gps-cs-s/AG0ilSzhZSrhyzmLjOoCkW7kEb4qOtnTfbj988ZLoqDBXnoOk2B7LOrWBQ_pqzvFRH9_MtjEMDTYsO_Fb_8LshEiysh2jjhpi3HvHgFNIY0MwkT7ltiLyasPTaLUI8ThKXNesMB7CULJ=w1600-h1000-k-no,https://lh3.googleusercontent.com/-fdWOQLkF3o8/AAAAAAAAAAI/AAAAAAAAAAA/QTwKLoO5Iro/s44-p-k-no-ns-nd/photo.jpg,OPERATIONAL,"{""lunes"": ""8:00-19:00"", ""martes"": ""8:00-19:00"", ""miércoles"": ""8:00-19:00"", ""jueves"": ""8:00-19:00"", ""viernes"": ""8:00-19:00"", ""sábado"": ""10:00-13:00"", ""domingo"": ""Cerrado""}",,,,,"{""Accesibilidad"": {""Acceso para sillas de ruedas"": true, ""Aparcamiento adaptado para sillas de ruedas"": true}}",,1,"https://www.google.com/maps/place/Albor+-+Incineraci%C3%B3n+de+mascotas/@38.2238992,-0.8228958,14z/data=!4m8!1m2!2m1!1sAlbor+-+Incineraci%C3%B3n+de+mascotas!3m4!1s0xd63bb6350894d23:0xc43bfe17ccb9eb1b!8m2!3d38.2238992!4d-0.8228958","https://www.google.com/maps/place/Albor+-+Incineraci%C3%B3n+de+mascotas/@38.2238992,-0.8228958,13.99z/data=!4m16!1m7!3m6!1s0xd63bb6350894d23:0xc43bfe17ccb9eb1b!2sAlbor+-+Incineraci%C3%B3n+de+mascotas!8m2!3d38.2238992!4d-0.8228958!16s%2Fg%2F11ckvg1dmb!3m7!1s0xd63bb6350894d23:0xc43bfe17ccb9eb1b!8m2!3d38.2238992!4d-0.8228958!9m1!1b1!16s%2Fg%2F11ckvg1dmb?entry=ttu",ChIJI02JUGO7Yw0RG-u5zBf-O8Q,"1,41E+19","-4,31E+18",albor--incineracion-de-mascotas,Comunidad Valenciana,,0,1,"Accesibilidad: Acceso para sillas de ruedas: Sí, Aparcamiento adaptado para sillas de ruedas: Sí",,,,
Cerro de los Peludos S.L.,Servicio de cremación,+34 621 41 26 37,https://elcerrodelospeludos.com/,"C. de la Hoya, S/N, 45567 Lagartera, Toledo","C. de la Hoya, S/N",Lagartera,,Toledo,45567,39.9033377,-5.1887078,5,14,https://search.google.com/local/reviews?placeid=ChIJ7yZZtFP9Pw0R9t9Dtw5EDY0&q=*&authuser=0&hl=es&gl=ES,"{""1"": 0, ""2"": 0, ""3"": 0, ""4"": 0, ""5"": 14}",0,0,0,0,14,https://lh3.googleusercontent.com/p/AF1QipOGXPoKaYcAoZw1ZI-Gd4YjN7c5_M1_SPh24Prs=w800-h500-k-no,https://lh3.googleusercontent.com/p/AF1QipOGXPoKaYcAoZw1ZI-Gd4YjN7c5_M1_SPh24Prs=w1600-h1000-k-no,https://lh4.googleusercontent.com/-WiMtm0DsDAU/AAAAAAAAAAI/AAAAAAAAAAA/pcCECob2tfQ/s44-p-k-no-ns-nd/photo.jpg,OPERATIONAL,"{""lunes"": ""Abierto 24 horas"", ""martes"": ""Abierto 24 horas"", ""miércoles"": ""Abierto 24 horas"", ""jueves"": ""Abierto 24 horas"", ""viernes"": ""Abierto 24 horas"", ""sábado"": ""Abierto 24 horas"", ""domingo"": ""Abierto 24 horas""}",,,,,"{""Opciones de servicio"": {""Servicios en las instalaciones"": true, ""Ofrece asistencia en otros idiomas"": true}, ""Accesibilidad"": {""Acceso para sillas de ruedas"": true, ""Aparcamiento adaptado para sillas de ruedas"": true, ""Aseo adaptado para sillas de ruedas"": true, ""Asientos adaptados sillas de ruedas"": true, ""Bucle magnético asistencial"": false}, ""Servicios"": {""Aseos unisex"": true}, ""Aparcamiento"": {""Aparcamiento en la calle gratuito"": true, ""Aparcamiento gratuito"": true, ""Con aparcamiento propio"": true, ""Parking gratuito"": true}}",,1,"https://www.google.com/maps/place/Cerro+de+los+Peludos+S.L./@39.9033377,-5.1887077999999995,14z/data=!4m8!1m2!2m1!1sCerro+de+los+Peludos+S.L.!3m4!1s0xd3ffd53b45926ef:0x8d0d440eb743dff6!8m2!3d39.9033377!4d-5.1887077999999995","https://www.google.com/maps/place/Cerro+de+los+Peludos+S.L./@39.9033377,-5.1887077999999995,13.99z/data=!4m16!1m7!3m6!1s0xd3ffd53b45926ef:0x8d0d440eb743dff6!2sCerro+de+los+Peludos+S.L.!8m2!3d39.9033377!4d-5.1887077999999995!16s%2Fg%2F11ckvg1dmb!3m7!1s0xd3ffd53b45926ef:0x8d0d440eb743dff6!8m2!3d39.9033377!4d-5.1887077999999995!9m1!1b1!16s%2Fg%2F11ckvg1dmb?entry=ttu",ChIJ7yZZtFP9Pw0R9t9Dtw5EDY0,"1,02E+19","-8,28E+18",cerro-de-los-peludos-sl,Castilla-La Mancha,,0,1,"Opciones de servicio: Servicios en las instalaciones: Sí, Ofrece asistencia en otros idiomas: Sí, Accesibilidad: Acceso para sillas de ruedas: Sí, Aparcamiento adaptado para sillas de ruedas: Sí, Aseo adaptado para sillas de ruedas: Sí, Asientos adaptados sillas de ruedas: Sí, Bucle magnético asistencial: No, Servicios: Aseos unisex: Sí, Aparcamiento: Aparcamiento en la calle gratuito: Sí, Aparcamiento gratuito: Sí, Con aparcamiento propio: Sí, Parking gratuito: Sí",,,,
Sena Valencia Crematorio- Cementerio de animales - Atencion 24 horas,"Servicio de cremación, Cementerio de mascotas, Funeraria",+34 670 44 11 10,http://www.sena-sl.com/,"entrada por APARCAMIENTO supermercado Alimentacion, Partida del Tosal, s/n, 46192 Montserrat, Valencia","entrada por APARCAMIENTO supermercado Alimentacion, Partida del Tosal, s/n",Montserrat,,Valencia,46192,39.3564662,-0.591285,4.9,199,https://search.google.com/local/reviews?placeid=ChIJg_zvl3dVYA0RfoibVn73_NA&q=*&authuser=0&hl=es&gl=ES,"{""1"": 3, ""2"": 0, ""3"": 2, ""4"": 5, ""5"": 189}",3,0,2,5,189,https://lh3.googleusercontent.com/p/AF1QipPYVOoTv_pFoILUOjY8itC4L5nrIMpwtPMl7OG_=w800-h500-k-no,https://lh3.googleusercontent.com/p/AF1QipPYVOoTv_pFoILUOjY8itC4L5nrIMpwtPMl7OG_=w1600-h1000-k-no,https://lh5.googleusercontent.com/-LEFqqE73ZM8/AAAAAAAAAAI/AAAAAAAAAAA/maPpZnmDoX0/s44-p-k-no-ns-nd/photo.jpg,OPERATIONAL,"{""lunes"": ""Abierto 24 horas"", ""martes"": ""Abierto 24 horas"", ""miércoles"": ""Abierto 24 horas"", ""jueves"": ""Abierto 24 horas"", ""viernes"": ""Abierto 24 horas"", ""sábado"": ""Abierto 24 horas"", ""domingo"": ""Abierto 24 horas""}",,,,,"{""Información proporcionada por la empresa"": {""Se identifica como de propietarias mujeres"": true}, ""Accesibilidad"": {""Acceso para sillas de ruedas"": true, ""Aparcamiento adaptado para sillas de ruedas"": true}, ""Other"": {""Se identifica como de propietarias mujeres"": true}}",,1,"https://www.google.com/maps/place/Sena+Valencia+Crematorio-+Cementerio+de+animales+-+Atencion+24+horas/@39.3564662,-0.591285,14z/data=!4m8!1m2!2m1!1sSena+Valencia+Crematorio-+Cementerio+de+animales+-+Atencion+24+horas!3m4!1s0xd60557797effc83:0xd0fcf77e569b887e!8m2!3d39.3564662!4d-0.591285","https://www.google.com/maps/place/Sena+Valencia+Crematorio-+Cementerio+de+animales+-+Atencion+24+horas/@39.3564662,-0.591285,13.99z/data=!4m16!1m7!3m6!1s0xd60557797effc83:0xd0fcf77e569b887e!2sSena+Valencia+Crematorio-+Cementerio+de+animales+-+Atencion+24+horas!8m2!3d39.3564662!4d-0.591285!16s%2Fg%2F11ckvg1dmb!3m7!1s0xd60557797effc83:0xd0fcf77e569b887e!8m2!3d39.3564662!4d-0.591285!9m1!1b1!16s%2Fg%2F11ckvg1dmb?entry=ttu",ChIJg_zvl3dVYA0RfoibVn73_NA,"1,51E+19","-3,39E+18",sena-valencia-crematorio-cementerio-de-animales--atencion-24-horas,Comunidad Valenciana,,0,1,"Información proporcionada por la empresa: Se identifica como de propietarias mujeres: Sí, Accesibilidad: Acceso para sillas de ruedas: Sí, Aparcamiento adaptado para sillas de ruedas: Sí, Other: Se identifica como de propietarias mujeres: Sí",,,,
Huellas cementerio de mascotas,Cementerio de mascotas,+34 668 56 63 71,,"C7V3+87, 49190 Morales del Vino, Zamora",C7V3+87,Morales del Vino,,Zamora,49190,41.4446395,-5.7474801,4.8,5,https://search.google.com/local/reviews?placeid=ChIJdX6VeAAhOQ0R95mA0KUvOJg&q=*&authuser=0&hl=es&gl=ES,"{""1"": 0, ""2"": 0, ""3"": 0, ""4"": 1, ""5"": 4}",0,0,0,1,4,https://lh3.googleusercontent.com/gps-cs-s/AG0ilSxNKz-E8IoZjCS06GcLZf64yacR9c0GBnZRmzwPdtmcqwujdLEjhDF6CwzXzGwGAEIHCAxOA7P9rthKLOMAkDg-LMHGvXu7xiHXtP5Fi-MNd1XUzdl8FU81mkDCWoJAxh5jsV3I=w800-h500-k-no,https://lh3.googleusercontent.com/gps-cs-s/AG0ilSxNKz-E8IoZjCS06GcLZf64yacR9c0GBnZRmzwPdtmcqwujdLEjhDF6CwzXzGwGAEIHCAxOA7P9rthKLOMAkDg-LMHGvXu7xiHXtP5Fi-MNd1XUzdl8FU81mkDCWoJAxh5jsV3I=w1600-h1000-k-no,,OPERATIONAL,"{""lunes"": ""Abierto 24 horas"", ""martes"": ""Abierto 24 horas"", ""miércoles"": ""Abierto 24 horas"", ""jueves"": ""Abierto 24 horas"", ""viernes"": ""Abierto 24 horas"", ""sábado"": ""Abierto 24 horas"", ""domingo"": ""Abierto 24 horas""}",,,,,,,0,"https://www.google.com/maps/place/Huellas+cementerio+de+mascotas/@41.4446395,-5.7474801,14z/data=!4m8!1m2!2m1!1sHuellas+cementerio+de+mascotas!3m4!1s0xd39210078957e75:0x98382fa5d08099f7!8m2!3d41.4446395!4d-5.7474801","https://www.google.com/maps/place/Huellas+cementerio+de+mascotas/@41.4446395,-5.7474801,13.99z/data=!4m16!1m7!3m6!1s0xd39210078957e75:0x98382fa5d08099f7!2sHuellas+cementerio+de+mascotas!8m2!3d41.4446395!4d-5.7474801!16s%2Fg%2F11ckvg1dmb!3m7!1s0xd39210078957e75:0x98382fa5d08099f7!8m2!3d41.4446395!4d-5.7474801!9m1!1b1!16s%2Fg%2F11ckvg1dmb?entry=ttu",ChIJdX6VeAAhOQ0R95mA0KUvOJg,"1,10E+19","-7,48E+18",huellas-cementerio-de-mascotas,Castilla y León,,0,1,,,,,